{
"type": "FeatureCollection",
"name": "regions",
"crs": { "type": "name", "properties": { "name": "urn:ogc:def:crs:OGC:1.3:CRS84" } },
"features": [
{ "type": "Feature", "properties": { "region_id": 23, "name": "Thessaloniki", "population_weight": 0.17784828790280008, "population_reference": 319000.0, "nearby_ids": [ 32, 29, 24 ] }, "geometry": { "type": "Polygon", "coordinates": [ [ [ 22.906137871824775, 40.653106156921346 ], [ 22.93392381553307, 40.648401090869093 ], [ 22.935191574010013, 40.652321175955095 ], [ 22.935403085482776, 40.647934588940089 ], [ 22.938139516287308, 40.648925924896908 ], [ 22.943311626540705, 40.644111901790033 ], [ 22.962337271283843, 40.644494326681219 ], [ 22.957072070122798, 40.634427321379718 ], [ 22.968282360851671, 40.633785953666681 ], [ 22.96917564871989, 40.629806813499634 ], [ 22.976833593636076, 40.642633745827332 ], [ 22.980893488782311, 40.644220981666429 ], [ 22.980632987838259, 40.639633481490719 ], [ 22.984573988842307, 40.637231481132766 ], [ 22.979402863821569, 40.621583638389922 ], [ 22.991002915979653, 40.614957402682322 ], [ 22.987089470632402, 40.611061842989059 ], [ 22.981513404298376, 40.612449412609976 ], [ 22.97903421213692, 40.596976236113484 ], [ 22.972316140107939, 40.593248212668229 ], [ 22.970658916062579, 40.586114590885195 ], [ 22.962592356386949, 40.591275680589057 ], [ 22.946665081745824, 40.591683340355516 ], [ 22.95172348842182, 40.621672981582712 ], [ 22.946959487831545, 40.627424481201516 ], [ 22.937560488716151, 40.633301481753222 ], [ 22.93413798872567, 40.631416981876562 ], [ 22.932254488839938, 40.635419481493336 ], [ 22.921009488057361, 40.634617981154747 ], [ 22.918287488083969, 40.637358981457233 ], [ 22.919238988448868, 40.63465598111295 ], [ 22.916861488779702, 40.63498048163148 ], [ 22.913870488789662, 40.638593481819662 ], [ 22.912779488799135, 40.633010981970429 ], [ 22.905522487986374, 40.632606481231328 ], [ 22.901038429454644, 40.644723087597555 ], [ 22.906137871824775, 40.653106156921346 ] ] ] } },
{ "type": "Feature", "properties": { "region_id": 24, "name": "Abelokipi - Menemeni", "population_weight": 0.027949547106852012, "population_reference": 50100.0, "nearby_ids": [ 30, 33, 23 ] }, "geometry": { "type": "Polygon", "coordinates": [ [ [ 22.886111216550695, 40.66151316286517 ], [ 22.891648248836091, 40.661450117476818 ], [ 22.892072987838429, 40.665355608018928 ], [ 22.903216209627242, 40.656729531450537 ], [ 22.919536535101056, 40.661065595545814 ], [ 22.934447249692482, 40.656748505685016 ], [ 22.935191574010013, 40.652321175955095 ], [ 22.93392381553307, 40.648401090869093 ], [ 22.922266488702082, 40.648364981869044 ], [ 22.906137871824775, 40.653106156921346 ], [ 22.901180986810122, 40.642300973314043 ], [ 22.887485988093207, 40.641731981627707 ], [ 22.881860376367797, 40.655570719394042 ], [ 22.861206997695625, 40.662102841898061 ], [ 22.870080684735289, 40.661303997389481 ], [ 22.872282970435524, 40.672151319228711 ], [ 22.886111216550695, 40.66151316286517 ] ] ] } },
{ "type": "Feature", "properties": { "region_id": 25, "name": "Volvi", "population_weight": 0.01101336688386436, "population_reference": 19800.0, "nearby_ids": [ 51, 31, 57 ] }, "geometry": { "type": "Polygon", "coordinates": [ [ [ 23.50283198735184, 40.843069980890085 ], [ 23.529755487324259, 40.831168980695992 ], [ 23.535135487944078, 40.821133480928964 ], [ 23.532287487160257, 40.81640048053135 ], [ 23.534202487545905, 40.811022480956638 ], [ 23.546115988069118, 40.808217481151985 ], [ 23.563266487280401, 40.791671480757259 ], [ 23.577641487046247, 40.79231248063315 ], [ 23.583671987985991, 40.786679980998542 ], [ 23.624343987876038, 40.788413481123058 ], [ 23.632774487489343, 40.783271981049197 ], [ 23.666079487463897, 40.773477481097089 ], [ 23.673350487051607, 40.781281480790682 ], [ 23.685547487090318, 40.779693980413121 ], [ 23.691179487911249, 40.784709480703249 ], [ 23.703123487765755, 40.780145980814396 ], [ 23.737146987633892, 40.781252481092963 ], [ 23.753990487445652, 40.773803980444953 ], [ 23.76507748707915, 40.75789248097535 ], [ 23.743390987821158, 40.758277980483427 ], [ 23.733047487341715, 40.75065948041766 ], [ 23.700977488131294, 40.702876981207872 ], [ 23.693813487690434, 40.674484480818414 ], [ 23.697311487570175, 40.666274981081848 ], [ 23.718209987374582, 40.663680981338679 ], [ 23.74259398714484, 40.65598298091993 ], [ 23.756864487409583, 40.634563480694972 ], [ 23.741757487535331, 40.62647798104387 ], [ 23.711314987543425, 40.636731481244134 ], [ 23.691878487720945, 40.629070980648883 ], [ 23.681937487224957, 40.628799980748212 ], [ 23.676749987802307, 40.638235481022789 ], [ 23.66905848752543, 40.641783980590894 ], [ 23.661056487528182, 40.63817048091304 ], [ 23.655903987883729, 40.630589480793326 ], [ 23.647498487443301, 40.630347481135857 ], [ 23.642447488329921, 40.605966480970928 ], [ 23.623291988153554, 40.606031481477288 ], [ 23.617605987950714, 40.600101481488032 ], [ 23.608052487766454, 40.598318981382043 ], [ 23.588509988070257, 40.60310798155453 ], [ 23.542028987690195, 40.60543698105316 ], [ 23.545849488037561, 40.599189981218437 ], [ 23.544100987659277, 40.590015481170738 ], [ 23.508569988431518, 40.568220480979356 ], [ 23.497965987407383, 40.571177481113686 ], [ 23.485242487825843, 40.585043481617703 ], [ 23.475381988332668, 40.582096481606435 ], [ 23.407791988150713, 40.587034981075632 ], [ 23.390181488292427, 40.59855048153895 ], [ 23.39788998820659, 40.60107748137245 ], [ 23.398594487474465, 40.605197981679503 ], [ 23.391873487714967, 40.612105481249706 ], [ 23.38131048807141, 40.614859481369017 ], [ 23.366208488192836, 40.610590981475042 ], [ 23.344712487715107, 40.612396481241241 ], [ 23.325268488416636, 40.604988481130277 ], [ 23.308137488363347, 40.603333481625917 ], [ 23.296752987575026, 40.609753981739829 ], [ 23.28643398778388, 40.624677481020129 ], [ 23.267167988629765, 40.61842548138722 ], [ 23.255223488228012, 40.633705481005592 ], [ 23.258091988034661, 40.63649298119681 ], [ 23.250638987985106, 40.652162981190585 ], [ 23.205224487506538, 40.669279981309288 ], [ 23.208223487470203, 40.678876481203766 ], [ 23.185005988567266, 40.682127481472854 ], [ 23.187836988492698, 40.709935481421013 ], [ 23.194316487717909, 40.707688981596206 ], [ 23.209654488081171, 40.718582481012618 ], [ 23.214344487686056, 40.716893481555545 ], [ 23.223309487912122, 40.721201981578908 ], [ 23.224401988179469, 40.733833980817721 ], [ 23.234047988033101, 40.742143980800265 ], [ 23.248828488490862, 40.741340481429923 ], [ 23.273842987668075, 40.72553198074273 ], [ 23.288130987902385, 40.741622480906848 ], [ 23.282013488348166, 40.754899480869149 ], [ 23.282778987509218, 40.766274981138345 ], [ 23.3018189874476, 40.76969348104047 ], [ 23.324500987419601, 40.765670980598941 ], [ 23.296590487532448, 40.749079481254832 ], [ 23.300223487945107, 40.729210980667247 ], [ 23.320723987764914, 40.722102481033801 ], [ 23.347779487918324, 40.729280480841709 ], [ 23.359847487528612, 40.729167981041257 ], [ 23.372633487406571, 40.72242598092329 ], [ 23.376770487581481, 40.715749481366018 ], [ 23.388185987359467, 40.714724480917944 ], [ 23.381757488002201, 40.690236981292259 ], [ 23.405127987593215, 40.67990198143243 ], [ 23.398066987901462, 40.698671480795319 ], [ 23.407739487495785, 40.715761481063829 ], [ 23.41359398800958, 40.723267981062754 ], [ 23.442332987470714, 40.730836981236678 ], [ 23.426339987231483, 40.730482981025681 ], [ 23.427444487830272, 40.74614598055954 ], [ 23.421619987793349, 40.754776980824637 ], [ 23.420464487843695, 40.76669798098807 ], [ 23.42590448727724, 40.769360980724649 ], [ 23.434440488208018, 40.764788480541824 ], [ 23.455967488084813, 40.793412481140081 ], [ 23.432497488204859, 40.80645698085231 ], [ 23.431184987236541, 40.814549980783809 ], [ 23.439184987331, 40.819657480498236 ], [ 23.443881487908229, 40.828673980846823 ], [ 23.449031987732702, 40.826750980535174 ], [ 23.472872487604185, 40.831193480722312 ], [ 23.478503987844363, 40.83466198060772 ], [ 23.481635487330369, 40.842160480648779 ], [ 23.50283198735184, 40.843069980890085 ] ] ] } },
{ "type": "Feature", "properties": { "region_id": 26, "name": "Delta", "population_weight": 0.025048622813506356, "population_reference": 44900.0, "nearby_ids": [ 24, 30, 35 ] }, "geometry": { "type": "MultiPolygon", "coordinates": [ [ [ [ 22.744214988098076, 40.512008481997491 ], [ 22.751033488634516, 40.511703481993422 ], [ 22.754482488251387, 40.511939981573214 ], [ 22.750661988113734, 40.511230481660142 ], [ 22.744214988098076, 40.512008481997491 ] ] ], [ [ [ 22.753923488334955, 40.519229482104926 ], [ 22.752883988261917, 40.514785981577255 ], [ 22.751294988401892, 40.519870981735373 ], [ 22.743049488090183, 40.526920481918751 ], [ 22.753923488334955, 40.519229482104926 ] ] ], [ [ [ 22.742074488334854, 40.538139481773392 ], [ 22.746062488076337, 40.537994481481064 ], [ 22.745488488618204, 40.535934481982252 ], [ 22.742074488334854, 40.538139481773392 ] ] ], [ [ [ 22.752531488777667, 40.535747482277749 ], [ 22.748309988477907, 40.536579981777095 ], [ 22.74436598848931, 40.543795981603026 ], [ 22.752757488795179, 40.537993482021697 ], [ 22.752531488777667, 40.535747482277749 ] ] ], [ [ [ 22.743049488567927, 40.550945481839356 ], [ 22.744600488248274, 40.547450981774546 ], [ 22.748153488318177, 40.542606482172914 ], [ 22.744579489147359, 40.545628982261903 ], [ 22.743049488567927, 40.550945481839356 ] ] ], [ [ [ 22.770872989112203, 40.560589981384375 ], [ 22.788956488975476, 40.560114481647382 ], [ 22.772835988856968, 40.559727481451041 ], [ 22.756755489071914, 40.548618481933595 ], [ 22.770872989112203, 40.560589981384375 ] ] ], [ [ [ 22.785821988490419, 40.564160981631275 ], [ 22.789878488665511, 40.564166982212285 ], [ 22.791018987954171, 40.563051981941591 ], [ 22.789859989106393, 40.561912481833971 ], [ 22.785821988490419, 40.564160981631275 ] ] ], [ [ [ 22.812279488577126, 40.568893481634483 ], [ 22.811472488277207, 40.565307481387102 ], [ 22.798623488298706, 40.560697481444635 ], [ 22.794445988768995, 40.562157982141109 ], [ 22.79751148901714, 40.564315981878543 ], [ 22.799619988790397, 40.561972481827411 ], [ 22.802680988839601, 40.565874481324059 ], [ 22.798697988033744, 40.565348481565707 ], [ 22.812279488577126, 40.568893481634483 ] ] ], [ [ [ 22.816664947567638, 40.736139587829733 ], [ 22.819570914058506, 40.729507596682247 ], [ 22.825264761586627, 40.730876588317614 ], [ 22.824683370213982, 40.727411444703854 ], [ 22.831313987744711, 40.727172981062608 ], [ 22.823869088274432, 40.72255311429354 ], [ 22.824853122474082, 40.712914895258642 ], [ 22.829426578823515, 40.710858635584394 ], [ 22.822302786366496, 40.708829530746186 ], [ 22.836511655266406, 40.705730323041514 ], [ 22.837473152034381, 40.700148199268661 ], [ 22.849289670198679, 40.695756486773114 ], [ 22.878049699127835, 40.702031693213044 ], [ 22.891668588383784, 40.696535574263009 ], [ 22.888977645743672, 40.695699751187547 ], [ 22.888642681100748, 40.687872285573334 ], [ 22.881576124605633, 40.691398832482534 ], [ 22.871433717904996, 40.679150349220158 ], [ 22.87894248560146, 40.672032538611809 ], [ 22.875554001514161, 40.669132255544184 ], [ 22.871557569257831, 40.671357681854886 ], [ 22.870080684735289, 40.661303997389481 ], [ 22.861206997695625, 40.662102841898061 ], [ 22.881860376367797, 40.655570719394042 ], [ 22.887485988093207, 40.641731981627707 ], [ 22.86066398849988, 40.62623748199551 ], [ 22.852648487984418, 40.626568481832699 ], [ 22.846442987906808, 40.630854481389676 ], [ 22.834958488981851, 40.620632481814454 ], [ 22.834664988709648, 40.6176029816057 ], [ 22.840999987957819, 40.615282981467061 ], [ 22.857720987916338, 40.61425298150214 ], [ 22.855473987950333, 40.591879482004636 ], [ 22.834837988634259, 40.579364981829521 ], [ 22.826723988552228, 40.578865481924865 ], [ 22.795433988192091, 40.564517481904758 ], [ 22.774431488203287, 40.569869981929351 ], [ 22.741486988382288, 40.558496482228492 ], [ 22.743280488184041, 40.539977981460211 ], [ 22.729277988221568, 40.533986981630427 ], [ 22.742469988852406, 40.534400981689984 ], [ 22.737828988504962, 40.530837982049228 ], [ 22.751392488732691, 40.51884848200573 ], [ 22.752156988661667, 40.514594981640478 ], [ 22.745332488037594, 40.523135982210853 ], [ 22.746240489134507, 40.520335981781109 ], [ 22.73556498815266, 40.523460481439258 ], [ 22.740764488223238, 40.514526481447753 ], [ 22.7362499891975, 40.512702982127202 ], [ 22.734811988168282, 40.506096481762476 ], [ 22.721116988436656, 40.520015481984075 ], [ 22.723502988298431, 40.509940982124277 ], [ 22.72740148857952, 40.507335482214167 ], [ 22.725021488973411, 40.502456482066101 ], [ 22.715438989163363, 40.501834982172227 ], [ 22.70674148873233, 40.506477481856244 ], [ 22.707244988763168, 40.516444981969961 ], [ 22.703832488561055, 40.515346481701982 ], [ 22.703340489024672, 40.521060982068924 ], [ 22.694486488537791, 40.517551481802499 ], [ 22.689712488685363, 40.519859482062778 ], [ 22.688501488630578, 40.524368481607375 ], [ 22.697564988629136, 40.52939198213538 ], [ 22.682508488526743, 40.527831981476673 ], [ 22.667370001076399, 40.550712536301766 ], [ 22.646026662591513, 40.559276180243735 ], [ 22.632096850590084, 40.572993523906227 ], [ 22.621315488368147, 40.613096981767633 ], [ 22.610913488292297, 40.61961348216353 ], [ 22.622746988388332, 40.622379982123398 ], [ 22.625526988651373, 40.629735481503076 ], [ 22.636189488593402, 40.638825981352682 ], [ 22.638709988722145, 40.647590481945834 ], [ 22.6236374889979, 40.654776981605309 ], [ 22.616876488052377, 40.661523981898192 ], [ 22.639682488694771, 40.67220948153129 ], [ 22.64482398871456, 40.681170481538352 ], [ 22.67860398880098, 40.682155981747336 ], [ 22.682362488123559, 40.684341481842402 ], [ 22.683481488074854, 40.690197481500221 ], [ 22.694934988044409, 40.696005481272707 ], [ 22.70298298863306, 40.694203481360582 ], [ 22.711052988895737, 40.680769981434018 ], [ 22.724534488683595, 40.674243481269414 ], [ 22.744779488210931, 40.674928481751891 ], [ 22.748637487949676, 40.671237981915738 ], [ 22.755157488407001, 40.673284981872271 ], [ 22.762217988508493, 40.67129548192613 ], [ 22.766172987995425, 40.701493981815425 ], [ 22.800656903672021, 40.696622900100579 ], [ 22.799241238092574, 40.692797023293821 ], [ 22.81346460503714, 40.687466881209282 ], [ 22.811748287070884, 40.682741755856867 ], [ 22.817092978389326, 40.681666876717486 ], [ 22.819617305542177, 40.688679701293061 ], [ 22.823106415680304, 40.687806585137331 ], [ 22.823355266690328, 40.695307873935363 ], [ 22.807236419644049, 40.704580423364625 ], [ 22.805723116993128, 40.715739914146859 ], [ 22.80922642241762, 40.716902292037531 ], [ 22.807407964369997, 40.72333448473136 ], [ 22.815749488343872, 40.727830481327857 ], [ 22.808604988522415, 40.735851481634974 ], [ 22.816664947567638, 40.736139587829733 ] ], [ [ 22.853482307419007, 40.694857879508199 ], [ 22.853261892057521, 40.690910566708425 ], [ 22.857074348422586, 40.692096255086852 ], [ 22.853482307419007, 40.694857879508199 ] ] ] ] } },
{ "type": "Feature", "properties": { "region_id": 27, "name": "Thermaikos", "population_weight": 0.025397023598160668, "population_reference": 45600.0, "nearby_ids": [ 28, 29, 23 ] }, "geometry": { "type": "MultiPolygon", "coordinates": [ [ [ [ 22.966361488632081, 40.506564481424078 ], [ 22.959428488371383, 40.50478848164596 ], [ 22.956030988673312, 40.509242482199809 ], [ 22.965682488830691, 40.509514982147969 ], [ 22.966361488632081, 40.506564481424078 ] ] ], [ [ [ 22.949357208829394, 40.505914691071013 ], [ 22.935880693759746, 40.501688746177301 ], [ 22.936904488886508, 40.493002981391044 ], [ 22.933471488207239, 40.487332482126682 ], [ 22.938773488350261, 40.470197481887887 ], [ 22.922486489049525, 40.468100981922305 ], [ 22.923588487999368, 40.464248481939762 ], [ 22.939558988701172, 40.448895482030728 ], [ 22.950390489073722, 40.448635482214037 ], [ 22.953835988013811, 40.439969482095655 ], [ 22.949990988631971, 40.437135481785475 ], [ 22.95293498865043, 40.426244482356161 ], [ 22.95774748831521, 40.425148481572343 ], [ 22.95761048820971, 40.418520982361024 ], [ 22.9718964883299, 40.419002982003214 ], [ 22.965044488221071, 40.400541982295543 ], [ 22.991003488373291, 40.402830981606343 ], [ 22.985751988604864, 40.407119482261457 ], [ 22.998101488086199, 40.428911981545035 ], [ 22.99290848811388, 40.440247481705747 ], [ 23.004193488115728, 40.447956982257935 ], [ 23.01837948886007, 40.403976981660243 ], [ 23.014321988737567, 40.386334981861296 ], [ 23.002599488589109, 40.38342148230489 ], [ 23.007436488909029, 40.37719348175019 ], [ 23.036640988915519, 40.372609981556437 ], [ 23.041851989091882, 40.362220482047647 ], [ 23.039574989132774, 40.352299981821709 ], [ 23.032215776805028, 40.352454358983209 ], [ 23.027923541644782, 40.358779078333868 ], [ 23.007337332120596, 40.349056175397649 ], [ 22.996489488581457, 40.35471548228039 ], [ 22.985251488581504, 40.366853982164592 ], [ 22.957809489198077, 40.371268982406654 ], [ 22.951358988484717, 40.378841481689314 ], [ 22.94439798922366, 40.380683482036069 ], [ 22.919755489292303, 40.381243982013608 ], [ 22.887901488864685, 40.373613481814687 ], [ 22.902828488969909, 40.397812982193919 ], [ 22.897403488328827, 40.405450981848411 ], [ 22.890833988643887, 40.407816481859733 ], [ 22.882608488336523, 40.425628482171113 ], [ 22.865056988434908, 40.432902982011512 ], [ 22.863177488662352, 40.43986798177324 ], [ 22.865751488091359, 40.445571982341484 ], [ 22.861737988893346, 40.456630481582735 ], [ 22.857853988249119, 40.457076481680133 ], [ 22.859142488689077, 40.459437981972954 ], [ 22.856115988810586, 40.457924481641733 ], [ 22.852717989038627, 40.462449982128049 ], [ 22.856101488501508, 40.458809481694502 ], [ 22.859071488190253, 40.460151482073378 ], [ 22.857025489040172, 40.463386481741885 ], [ 22.846576988556805, 40.471125481978731 ], [ 22.812954488075214, 40.478645481522143 ], [ 22.816781989058061, 40.483775981996132 ], [ 22.817724988430403, 40.494637481535825 ], [ 22.815098488391886, 40.495624481446093 ], [ 22.81726398868506, 40.497021481915681 ], [ 22.814192489199989, 40.495256481504164 ], [ 22.816337488805885, 40.501930481693897 ], [ 22.827426988642689, 40.507186982089138 ], [ 22.85032848799603, 40.506177982211078 ], [ 22.86727498815689, 40.500856482185881 ], [ 22.887352988128974, 40.501875982223964 ], [ 22.911300988222003, 40.505656481587437 ], [ 22.946792918501757, 40.518181405375138 ], [ 22.954026286643021, 40.511400499418968 ], [ 22.949357208829394, 40.505914691071013 ] ] ] ] } },
{ "type": "Feature", "properties": { "region_id": 28, "name": "Thermi", "population_weight": 0.030859390460284818, "population_reference": 55400.0, "nearby_ids": [ 34, 29, 27 ] }, "geometry": { "type": "Polygon", "coordinates": [ [ [ 23.104644988314362, 40.580827981833266 ], [ 23.116197488255285, 40.575055481827995 ], [ 23.120614988092861, 40.560955981324867 ], [ 23.138928488528006, 40.541877481666923 ], [ 23.139977488459753, 40.535760481242463 ], [ 23.146473488479202, 40.538487981492089 ], [ 23.165149988691368, 40.574844981536053 ], [ 23.17574048864963, 40.569199481804077 ], [ 23.188248488157409, 40.568864981157986 ], [ 23.193601987652244, 40.569261981143285 ], [ 23.198172988134157, 40.576337981247917 ], [ 23.203235488657455, 40.572461981899288 ], [ 23.236116488668351, 40.563290981790843 ], [ 23.23365198813147, 40.555197981664236 ], [ 23.241600488722344, 40.54921548177748 ], [ 23.249922987881316, 40.535313481357953 ], [ 23.244216487910176, 40.517065981760389 ], [ 23.248254488594199, 40.502436481644018 ], [ 23.242496988537066, 40.503902481963785 ], [ 23.220220987888894, 40.498279981931859 ], [ 23.191987988923465, 40.495936981209809 ], [ 23.175480988935419, 40.488863481315718 ], [ 23.181536988085011, 40.481685981580377 ], [ 23.179156488514046, 40.47635148144505 ], [ 23.159140145740263, 40.479192168812204 ], [ 23.156297988041995, 40.473936981979122 ], [ 23.160549488254912, 40.464745482153525 ], [ 23.157508487849363, 40.460647981550281 ], [ 23.157146488902768, 40.450236481743346 ], [ 23.163797988312059, 40.432759981768129 ], [ 23.176837988874304, 40.422384482161029 ], [ 23.158314489004603, 40.416811482044963 ], [ 23.152787988764146, 40.410661481749173 ], [ 23.150557989046916, 40.401351982155155 ], [ 23.138833488148968, 40.393896982104103 ], [ 23.122626988667111, 40.377174482117731 ], [ 23.121076488560185, 40.36725198221103 ], [ 23.11234998819787, 40.37155748160643 ], [ 23.10535548889554, 40.387946981728611 ], [ 23.087075488756074, 40.385476981628848 ], [ 23.090187988143018, 40.393364982157451 ], [ 23.070431488715982, 40.422564981808414 ], [ 23.082968488676972, 40.425636482049228 ], [ 23.058262488202217, 40.431855482137571 ], [ 23.062416488960249, 40.418589981817014 ], [ 23.052343488265066, 40.415851482007426 ], [ 23.048121488943245, 40.399087481616824 ], [ 23.028592988550532, 40.394202481538741 ], [ 23.027134488225219, 40.374533982370181 ], [ 23.007436488909029, 40.37719348175019 ], [ 23.002599488589109, 40.38342148230489 ], [ 23.014321988737567, 40.386334981861296 ], [ 23.01839598819069, 40.404873481569211 ], [ 23.004193488115728, 40.447956982257935 ], [ 22.99290848811388, 40.440247481705747 ], [ 22.998101488086199, 40.428911981545035 ], [ 22.985751988604864, 40.407119482261457 ], [ 22.991003488373291, 40.402830981606343 ], [ 22.965044488221071, 40.400541982295543 ], [ 22.9718964883299, 40.419002982003214 ], [ 22.95761048820971, 40.418520982361024 ], [ 22.95774748831521, 40.425148481572343 ], [ 22.95293498865043, 40.426244482356161 ], [ 22.949990988631971, 40.437135481785475 ], [ 22.953835988013811, 40.439969482095655 ], [ 22.950390489073722, 40.448635482214037 ], [ 22.939558988701172, 40.448895482030728 ], [ 22.922340988289637, 40.467523482179047 ], [ 22.938773488350261, 40.470197481887887 ], [ 22.933471488207239, 40.487332482126682 ], [ 22.936904488886508, 40.493002981391044 ], [ 22.935880693759746, 40.501688746177301 ], [ 22.950223030562064, 40.505961292683288 ], [ 22.954026286643021, 40.511400499418968 ], [ 22.946792918501757, 40.518181405375138 ], [ 22.952228988843423, 40.521549481594732 ], [ 22.945766987976967, 40.522102982132296 ], [ 22.946375488582966, 40.526653481859611 ], [ 22.958969987915982, 40.524497481620749 ], [ 22.978130237142999, 40.539891298684232 ], [ 22.991044868495649, 40.539228202429591 ], [ 22.997580552644269, 40.556289653621363 ], [ 22.992287251238881, 40.565159591559329 ], [ 23.00351694742589, 40.570547791024175 ], [ 23.022340333697709, 40.560451073297578 ], [ 23.027893273736762, 40.561351313629345 ], [ 23.032226046351735, 40.552315055460802 ], [ 23.041784641698875, 40.565476257352024 ], [ 23.045624274252972, 40.565191505845164 ], [ 23.049441488732075, 40.579263981640793 ], [ 23.053433488262169, 40.578974481463604 ], [ 23.061759487869747, 40.586794481486038 ], [ 23.104644988314362, 40.580827981833266 ] ], [ [ 22.956030988673312, 40.509242482199809 ], [ 22.959428488371383, 40.50478848164596 ], [ 22.966840988780994, 40.507216481692588 ], [ 22.965682488830691, 40.509514982147969 ], [ 22.956030988673312, 40.509242482199809 ] ] ] } },
{ "type": "Feature", "properties": { "region_id": 29, "name": "Kalamaria", "population_weight": 0.051422840932465436, "population_reference": 92200.0, "nearby_ids": [ 23, 32, 34 ] }, "geometry": { "type": "Polygon", "coordinates": [ [ [ 22.950162128264452, 40.592885368188711 ], [ 22.962592356386949, 40.591275680589057 ], [ 22.970658916062579, 40.586114590885195 ], [ 22.968534155700894, 40.581775351225588 ], [ 22.975715259778333, 40.570046957987799 ], [ 22.968048687013532, 40.559683288557586 ], [ 22.960553488388598, 40.562489981997416 ], [ 22.945262488826295, 40.575912481787391 ], [ 22.934583488417712, 40.579422481852589 ], [ 22.940860487909763, 40.589628481663382 ], [ 22.950162128264452, 40.592885368188711 ] ] ] } },
{ "type": "Feature", "properties": { "region_id": 30, "name": "Kordelio - Evosmos", "population_weight": 0.058728666026352475, "population_reference": 105400.0, "nearby_ids": [ 24, 33, 32 ] }, "geometry": { "type": "Polygon", "coordinates": [ [ [ 22.905257485182812, 40.690869300945728 ], [ 22.927385227596236, 40.689986987379733 ], [ 22.931765719397177, 40.677227371213007 ], [ 22.923074873193642, 40.677330160932556 ], [ 22.925888601104205, 40.666338066738874 ], [ 22.929818254227918, 40.665379899774216 ], [ 22.927809470692182, 40.662400965236216 ], [ 22.903216209627242, 40.656729531450537 ], [ 22.892072987838429, 40.665355608018928 ], [ 22.891648248836091, 40.661450117476818 ], [ 22.886851229228007, 40.661055519643455 ], [ 22.875554001514161, 40.669132255544184 ], [ 22.87894248560146, 40.672032538611809 ], [ 22.871433717904996, 40.679150349220158 ], [ 22.881204512177263, 40.691150925754989 ], [ 22.888642681100748, 40.687872285573334 ], [ 22.888977645743672, 40.695699751187547 ], [ 22.891668588383784, 40.696535574263009 ], [ 22.899755456142564, 40.695742452855555 ], [ 22.905257485182812, 40.690869300945728 ] ] ] } },
{ "type": "Feature", "properties": { "region_id": 31, "name": "Lagadas", "population_weight": 0.020637590159155055, "population_reference": 37000.0, "nearby_ids": [ 34, 33, 32 ] }, "geometry": { "type": "Polygon", "coordinates": [ [ [ 23.25523748692865, 40.998020980672777 ], [ 23.260899487066677, 40.970368980305594 ], [ 23.277653487416831, 40.949420480248072 ], [ 23.275700487815538, 40.94445448037164 ], [ 23.297967987136328, 40.952605480572565 ], [ 23.308135987762132, 40.946662480980585 ], [ 23.313508987137364, 40.949405480917477 ], [ 23.314965987690133, 40.946089480298738 ], [ 23.321442986985499, 40.946799480442273 ], [ 23.325110488031967, 40.94076698028033 ], [ 23.322167987461924, 40.940182480268021 ], [ 23.325008988007749, 40.938710480359774 ], [ 23.333956988033858, 40.942967480324349 ], [ 23.33066648696947, 40.935156480345562 ], [ 23.335685487104232, 40.929136980307433 ], [ 23.334008986984312, 40.920359480529413 ], [ 23.345485987394326, 40.918604980848023 ], [ 23.356396987607788, 40.912021480547118 ], [ 23.36200548781629, 40.88566198070621 ], [ 23.360965487538806, 40.872144480840319 ], [ 23.367889987386778, 40.85760698087168 ], [ 23.376461488111225, 40.852596981077788 ], [ 23.389573987091552, 40.851963480346186 ], [ 23.401369988089961, 40.857618480664534 ], [ 23.418783987346817, 40.858708980620953 ], [ 23.423326987920316, 40.856403480506231 ], [ 23.435396487588214, 40.862693480285692 ], [ 23.445507488019917, 40.860487480389573 ], [ 23.438671488001134, 40.849246980583935 ], [ 23.444274487974429, 40.842474480935337 ], [ 23.439251487306841, 40.830215480975056 ], [ 23.443881487908229, 40.828673980846823 ], [ 23.439184987331, 40.819657480498236 ], [ 23.431184987236541, 40.814549980783809 ], [ 23.432497488204859, 40.80645698085231 ], [ 23.455967488084813, 40.793412481140081 ], [ 23.434440488208018, 40.764788480541824 ], [ 23.42590448727724, 40.769360980724649 ], [ 23.420464487843695, 40.76669798098807 ], [ 23.421619987793349, 40.754776980824637 ], [ 23.427444487830272, 40.74614598055954 ], [ 23.426339987231483, 40.730482981025681 ], [ 23.442332987470714, 40.730836981236678 ], [ 23.41359398800958, 40.723267981062754 ], [ 23.407739487495785, 40.715761481063829 ], [ 23.398066987901462, 40.698671480795319 ], [ 23.405127987593215, 40.67990198143243 ], [ 23.381757488002201, 40.690236981292259 ], [ 23.388185987359467, 40.714724480917944 ], [ 23.376770487581481, 40.715749481366018 ], [ 23.372633487406571, 40.72242598092329 ], [ 23.359847487528612, 40.729167981041257 ], [ 23.347779487918324, 40.729280480841709 ], [ 23.320723987764914, 40.722102481033801 ], [ 23.29888498765369, 40.730456980784503 ], [ 23.296590487532448, 40.749079481254832 ], [ 23.324500987419601, 40.765670980598941 ], [ 23.315861487361577, 40.768828980767026 ], [ 23.282778987509218, 40.766274981138345 ], [ 23.282013488348166, 40.754899480869149 ], [ 23.288130987902385, 40.741622480906848 ], [ 23.273842987668075, 40.72553198074273 ], [ 23.248828488490862, 40.741340481429923 ], [ 23.234047988033101, 40.742143980800265 ], [ 23.224401988179469, 40.733833980817721 ], [ 23.223309487912122, 40.721201981578908 ], [ 23.214344487686056, 40.716893481555545 ], [ 23.209654488081171, 40.718582481012618 ], [ 23.194316487717909, 40.707688981596206 ], [ 23.187437487853664, 40.709238981032087 ], [ 23.185005988567266, 40.682127481472854 ], [ 23.208223487470203, 40.678876481203766 ], [ 23.205224487506538, 40.669279981309288 ], [ 23.250638987985106, 40.652162981190585 ], [ 23.258091988034661, 40.63649298119681 ], [ 23.255223488228012, 40.633705481005592 ], [ 23.267167988629765, 40.61842548138722 ], [ 23.28643398778388, 40.624677481020129 ], [ 23.296752987575026, 40.609753981739829 ], [ 23.310238988299716, 40.602760481298226 ], [ 23.338598487934167, 40.608427481030674 ], [ 23.344712487715107, 40.612396481241241 ], [ 23.366208488192836, 40.610590981475042 ], [ 23.38131048807141, 40.614859481369017 ], [ 23.391873487714967, 40.612105481249706 ], [ 23.399343487461756, 40.602620981036793 ], [ 23.390181488292427, 40.59855048153895 ], [ 23.407067988584288, 40.588901481015675 ], [ 23.404254488347092, 40.58544098153822 ], [ 23.407413987529566, 40.572465481598499 ], [ 23.40296598851419, 40.56713948130745 ], [ 23.405427488570428, 40.554615981096418 ], [ 23.39099298808209, 40.541600481493404 ], [ 23.394373987562382, 40.538307981351842 ], [ 23.39176948778503, 40.535080981237712 ], [ 23.381053488478351, 40.534489981215657 ], [ 23.375443987895736, 40.539099481583172 ], [ 23.360341488272265, 40.528068981646314 ], [ 23.3589304884621, 40.541509481803153 ], [ 23.346658987963366, 40.544307981168537 ], [ 23.336239487723994, 40.5383569816955 ], [ 23.320241488156338, 40.539272981135952 ], [ 23.309485488676927, 40.535919981825884 ], [ 23.313603488042979, 40.531600981245276 ], [ 23.311206488701615, 40.523324481800174 ], [ 23.316327488571957, 40.518805981684693 ], [ 23.311063988729806, 40.513553981678434 ], [ 23.311067487753231, 40.508118481679723 ], [ 23.31700198815301, 40.499029481716718 ], [ 23.302328987945209, 40.486392981418447 ], [ 23.281459488432251, 40.487687481257254 ], [ 23.248254488594199, 40.502436481644018 ], [ 23.244216487910176, 40.517065981760389 ], [ 23.249922987881316, 40.535313481357953 ], [ 23.241600488722344, 40.54921548177748 ], [ 23.23365198813147, 40.555197981664236 ], [ 23.236116488668351, 40.563290981790843 ], [ 23.203235488657455, 40.572461981899288 ], [ 23.198172988134157, 40.576337981247917 ], [ 23.193601987652244, 40.569261981143285 ], [ 23.17574048864963, 40.569199481804077 ], [ 23.144327488032552, 40.585014481672218 ], [ 23.140093488747688, 40.590503481165726 ], [ 23.142089987631412, 40.594999981795567 ], [ 23.1342124879362, 40.600204481132309 ], [ 23.142057988260341, 40.606747481511135 ], [ 23.158089488717881, 40.612780981515577 ], [ 23.164726987988438, 40.623678981521309 ], [ 23.160629488454788, 40.636176481322259 ], [ 23.123614988492637, 40.642317981081227 ], [ 23.107750987990823, 40.648319481659257 ], [ 23.101794487633349, 40.641890981265007 ], [ 23.071233987678376, 40.655397981553733 ], [ 23.059939487952466, 40.66426398154821 ], [ 23.051298987985447, 40.660783981012848 ], [ 23.04452448859783, 40.661745981521882 ], [ 23.034002488294568, 40.653810481031833 ], [ 23.029381488145226, 40.654457981243972 ], [ 23.023475488397779, 40.664944981108057 ], [ 23.025975488411291, 40.672856481456236 ], [ 23.021799488594443, 40.690179981323013 ], [ 23.024726988236409, 40.696576981075744 ], [ 23.008934505349188, 40.701886833932448 ], [ 23.001158585478695, 40.700536317759408 ], [ 22.993115488253881, 40.707734480985678 ], [ 22.975962487782738, 40.709472980909183 ], [ 22.970081988034334, 40.713224481551393 ], [ 22.978243487769326, 40.723829981389052 ], [ 22.998307112837349, 40.737634267596981 ], [ 23.001290793630293, 40.735972943913104 ], [ 23.019090488210146, 40.744150981277841 ], [ 23.018378487594493, 40.757135481080731 ], [ 23.028817487846233, 40.782034481159641 ], [ 23.009081987638037, 40.79146798087703 ], [ 23.012111488054064, 40.795985480776594 ], [ 23.005519487627094, 40.807472481386682 ], [ 23.003497987593597, 40.822534981240899 ], [ 22.979023488112738, 40.820557981416947 ], [ 22.964852488029734, 40.823575480961814 ], [ 22.95343398763502, 40.849562481126959 ], [ 22.957921488463771, 40.853895981194682 ], [ 22.966398987779996, 40.853111981505059 ], [ 22.981377487570423, 40.870107981148337 ], [ 22.998741987340914, 40.870133981238901 ], [ 23.012554487468581, 40.877307480609474 ], [ 23.01115298782582, 40.886678480892847 ], [ 23.015686988216501, 40.891394981142597 ], [ 23.013487487424459, 40.89320748070562 ], [ 23.015649987416616, 40.902387480699971 ], [ 23.010800487492169, 40.904089480748219 ], [ 23.016287487793107, 40.911440980608084 ], [ 23.010867488317931, 40.919843480923788 ], [ 23.012866987867255, 40.930663480615223 ], [ 23.007581987209587, 40.937622480597014 ], [ 23.080784487325012, 40.954539480520459 ], [ 23.085963487750213, 40.957070480981265 ], [ 23.086573987972226, 40.968764980717062 ], [ 23.089847987507223, 40.969692980632288 ], [ 23.098666487530249, 40.955899480842376 ], [ 23.107492987390522, 40.949697981106752 ], [ 23.124332487761116, 40.946145980523447 ], [ 23.127916987525307, 40.955037481112683 ], [ 23.159492987461096, 40.955487980829297 ], [ 23.172648987848557, 40.964996480964601 ], [ 23.175281988055058, 40.973878980637409 ], [ 23.183791487787385, 40.984252480345766 ], [ 23.22107398745101, 40.992364480699244 ], [ 23.226121987507877, 40.9980369803042 ], [ 23.238355487234887, 41.001314980365507 ], [ 23.24037398789384, 41.00603498031154 ], [ 23.25523748692865, 40.998020980672777 ] ] ] } },
{ "type": "Feature", "properties": { "region_id": 32, "name": "Neapoli - Sykees", "population_weight": 0.045090308270588672, "population_reference": 80900.0, "nearby_ids": [ 23, 33, 24 ] }, "geometry": { "type": "Polygon", "coordinates": [ [ [ 22.978987275539318, 40.671111132667086 ], [ 23.005768231634388, 40.661694406568806 ], [ 23.003102114432838, 40.659130604159337 ], [ 23.00489874691236, 40.656069592449981 ], [ 22.999350219279297, 40.654469981200137 ], [ 22.995468916247226, 40.644794362775272 ], [ 22.987136094276501, 40.646974584018743 ], [ 22.977977794056944, 40.643798328344324 ], [ 22.96917564871989, 40.629806813499634 ], [ 22.968282360851671, 40.633785953666681 ], [ 22.957072070122798, 40.634427321379718 ], [ 22.962337271283843, 40.644494326681219 ], [ 22.943311626540705, 40.644111901790033 ], [ 22.938139516287308, 40.648925924896908 ], [ 22.935403085482776, 40.647934588940089 ], [ 22.934447249692482, 40.656748505685016 ], [ 22.960071869806224, 40.654855388763472 ], [ 22.978987275539318, 40.671111132667086 ] ] ] } },
{ "type": "Feature", "properties": { "region_id": 33, "name": "Pavlos Melas", "population_weight": 0.055852269148246488, "population_reference": 100200.0, "nearby_ids": [ 32, 30, 24 ] }, "geometry": { "type": "Polygon", "coordinates": [ [ [ 22.939912618706096, 40.715296019522448 ], [ 22.957248780038348, 40.709796324461962 ], [ 22.969526487943206, 40.713307481078438 ], [ 22.975962487782738, 40.709472980909183 ], [ 22.979539833087053, 40.701366327922358 ], [ 22.976906290320432, 40.696638018654674 ], [ 22.979204007090086, 40.68933192196571 ], [ 22.988356209231277, 40.679111626209448 ], [ 22.960071869806224, 40.654855388763472 ], [ 22.942098536416072, 40.655517883837263 ], [ 22.941560708605984, 40.658062106348254 ], [ 22.930876682083589, 40.656524820630054 ], [ 22.919536535101056, 40.661065595545814 ], [ 22.926840739787945, 40.661912882838337 ], [ 22.929818254227918, 40.665379899774216 ], [ 22.925888601104205, 40.666338066738874 ], [ 22.923074873193642, 40.677330160932556 ], [ 22.931765719397177, 40.677227371213007 ], [ 22.927354964227742, 40.690360913267718 ], [ 22.934666700746675, 40.692066884604337 ], [ 22.929888810201387, 40.702179915058302 ], [ 22.939471614845516, 40.700800857172212 ], [ 22.938708409083343, 40.705548604808421 ], [ 22.941886700246979, 40.708481492516313 ], [ 22.939912618706096, 40.715296019522448 ] ] ] } },
{ "type": "Feature", "properties": { "region_id": 34, "name": "Pylea - Chortiatis", "population_weight": 0.040350385275523704, "population_reference": 72400.0, "nearby_ids": [ 32, 23, 29 ] }, "geometry": { "type": "Polygon", "coordinates": [ [ [ 22.975962487782738, 40.709472980909183 ], [ 22.993115488253881, 40.707734480985678 ], [ 23.001158585478695, 40.700536317759408 ], [ 23.008934505349188, 40.701886833932448 ], [ 23.024726988236409, 40.696576981075744 ], [ 23.021799488594443, 40.690179981323013 ], [ 23.025975488411291, 40.672856481456236 ], [ 23.023475488397779, 40.664944981108057 ], [ 23.029381488145226, 40.654457981243972 ], [ 23.034002488294568, 40.653810481031833 ], [ 23.04452448859783, 40.661745981521882 ], [ 23.051298987985447, 40.660783981012848 ], [ 23.059939487952466, 40.66426398154821 ], [ 23.071233987678376, 40.655397981553733 ], [ 23.101794487633349, 40.641890981265007 ], [ 23.107750987990823, 40.648319481659257 ], [ 23.123614988492637, 40.642317981081227 ], [ 23.161468487673911, 40.635589480983803 ], [ 23.164726987988438, 40.623678981521309 ], [ 23.158089488717881, 40.612780981515577 ], [ 23.142057988260341, 40.606747481511135 ], [ 23.1342124879362, 40.600204481132309 ], [ 23.142089987631412, 40.594999981795567 ], [ 23.140093488747688, 40.590503481165726 ], [ 23.146334488300841, 40.583101481734495 ], [ 23.165149988691368, 40.574844981536053 ], [ 23.1453369880611, 40.536915481761739 ], [ 23.139977488459753, 40.535760481242463 ], [ 23.138928488528006, 40.541877481666923 ], [ 23.120614988092861, 40.560955981324867 ], [ 23.119102988441099, 40.571105481446956 ], [ 23.11332498784558, 40.577106481087213 ], [ 23.092075988328851, 40.584389981748245 ], [ 23.063144988443078, 40.5869589817815 ], [ 23.053433488262169, 40.578974481463604 ], [ 23.049441488732075, 40.579263981640793 ], [ 23.045624274252972, 40.565191505845164 ], [ 23.041784641698875, 40.565476257352024 ], [ 23.032226046351735, 40.552315055460802 ], [ 23.027893273736762, 40.561351313629345 ], [ 23.022340333697709, 40.560451073297578 ], [ 23.00351694742589, 40.570547791024175 ], [ 22.992287251238881, 40.565159591559329 ], [ 22.997580552644269, 40.556289653621363 ], [ 22.991044868495649, 40.539228202429591 ], [ 22.978130237142999, 40.539891298684232 ], [ 22.980601988874806, 40.55207798137441 ], [ 22.968048687013532, 40.559683288557586 ], [ 22.975715259778333, 40.570046957987799 ], [ 22.968534155700894, 40.581775351225588 ], [ 22.972316140107939, 40.593248212668229 ], [ 22.97903421213692, 40.596976236113484 ], [ 22.981513404298376, 40.612449412609976 ], [ 22.987089470632402, 40.611061842989059 ], [ 22.991002915979653, 40.614957402682322 ], [ 22.979402863821569, 40.621583638389922 ], [ 22.984573988842307, 40.637231481132766 ], [ 22.980632987838259, 40.639633481490719 ], [ 22.981027988292073, 40.644953981454712 ], [ 22.988339984487542, 40.647032807913554 ], [ 22.995468916247226, 40.644794362775272 ], [ 22.997736243607974, 40.652085110011022 ], [ 23.004816061551658, 40.655947321767073 ], [ 23.003102114432838, 40.659130604159337 ], [ 23.006222320875111, 40.661045235621941 ], [ 22.981470255978863, 40.670785365919322 ], [ 22.988356209231277, 40.679111626209448 ], [ 22.979204007090086, 40.68933192196571 ], [ 22.976906290320432, 40.696638018654674 ], [ 22.979539833087053, 40.701366327922358 ], [ 22.975962487782738, 40.709472980909183 ] ] ] } },
{ "type": "Feature", "properties": { "region_id": 35, "name": "Chalkidona", "population_weight": 0.016738846018559451, "population_reference": 30000.0, "nearby_ids": [ 26, 36, 30 ] }, "geometry": { "type": "Polygon", "coordinates": [ [ [ 22.636188488421539, 40.860328980944196 ], [ 22.686309488109607, 40.85992748146159 ], [ 22.68865248823797, 40.852395481305599 ], [ 22.683829487621406, 40.831687981281483 ], [ 22.693269987679191, 40.815419480989412 ], [ 22.694828488770717, 40.797548481653635 ], [ 22.701319988426839, 40.79444548173349 ], [ 22.717402988008779, 40.795560481781145 ], [ 22.738235488395585, 40.790880480899084 ], [ 22.740523488691835, 40.80286348161917 ], [ 22.76346048775196, 40.802296481721072 ], [ 22.760470987983467, 40.817955981259004 ], [ 22.76345248814933, 40.821092481672167 ], [ 22.803585488055237, 40.823231480950469 ], [ 22.817680488064813, 40.802222981017941 ], [ 22.811860988401925, 40.791746481186657 ], [ 22.814299987638293, 40.783674481694774 ], [ 22.810001487588615, 40.781009981310156 ], [ 22.813445488513388, 40.767289481417578 ], [ 22.802595488345919, 40.762817481076397 ], [ 22.789567488218896, 40.762978981806199 ], [ 22.815749488343872, 40.727830481327857 ], [ 22.807407964369997, 40.72333448473136 ], [ 22.806976781469704, 40.70562524364847 ], [ 22.788739557059056, 40.705845995936222 ], [ 22.792351768375489, 40.697755531965718 ], [ 22.766172987995425, 40.701493981815425 ], [ 22.762217988508493, 40.67129548192613 ], [ 22.755157488407001, 40.673284981872271 ], [ 22.748637487949676, 40.671237981915738 ], [ 22.744779488210931, 40.674928481751891 ], [ 22.724534488683595, 40.674243481269414 ], [ 22.711052988895737, 40.680769981434018 ], [ 22.70298298863306, 40.694203481360582 ], [ 22.694934988044409, 40.696005481272707 ], [ 22.683481488074854, 40.690197481500221 ], [ 22.682362488123559, 40.684341481842402 ], [ 22.67860398880098, 40.682155981747336 ], [ 22.64482398871456, 40.681170481538352 ], [ 22.639682488694771, 40.67220948153129 ], [ 22.616876488052377, 40.661523981898192 ], [ 22.6236374889979, 40.654776981605309 ], [ 22.638044988228241, 40.648996481820859 ], [ 22.636189488593402, 40.638825981352682 ], [ 22.625526988651373, 40.629735481503076 ], [ 22.622746988388332, 40.622379982123398 ], [ 22.605990007361527, 40.619898575121304 ], [ 22.600974907061037, 40.623994689083702 ], [ 22.594759748254042, 40.637552616873343 ], [ 22.57971719991458, 40.649407594252594 ], [ 22.567842342599342, 40.652075558380282 ], [ 22.564393572000384, 40.659964835190152 ], [ 22.554344488574472, 40.665913981416338 ], [ 22.550177352835618, 40.674736117354847 ], [ 22.535589534696769, 40.673007526535869 ], [ 22.495779907832301, 40.679937527717264 ], [ 22.489569504407303, 40.692097690665946 ], [ 22.490945404479138, 40.711049543212454 ], [ 22.513361988994962, 40.720622981419481 ], [ 22.512369487922026, 40.726993981910915 ], [ 22.518583988299099, 40.73119898133465 ], [ 22.536464488486121, 40.732962481157131 ], [ 22.562014488615908, 40.725679481937576 ], [ 22.569736988233355, 40.741742481434841 ], [ 22.56339298878326, 40.749594481550986 ], [ 22.55442598837713, 40.751318981896411 ], [ 22.533106988164104, 40.789931981550872 ], [ 22.519008488202381, 40.792822981191918 ], [ 22.503803988615992, 40.801843981336567 ], [ 22.494941488575822, 40.79774598124218 ], [ 22.495315988608201, 40.808798481317403 ], [ 22.501346488338161, 40.816830981410796 ], [ 22.509715487796761, 40.816132981213777 ], [ 22.511046988943935, 40.807174481372215 ], [ 22.519426488363916, 40.803470481354218 ], [ 22.541615488902693, 40.800644481249407 ], [ 22.550059488371531, 40.805613481039224 ], [ 22.544793488710024, 40.809302481896708 ], [ 22.548545988853483, 40.811067981712483 ], [ 22.558822488228191, 40.802641481476954 ], [ 22.567266987833531, 40.807709981279345 ], [ 22.536850487806873, 40.839828481603099 ], [ 22.541949987844582, 40.843897481232844 ], [ 22.549423988087412, 40.841016481766644 ], [ 22.552861488865254, 40.837797480964625 ], [ 22.550858488357964, 40.835506980950207 ], [ 22.555518988007332, 40.835123481439766 ], [ 22.560509987720973, 40.829333981298305 ], [ 22.563195488691036, 40.830384981672019 ], [ 22.574502487766583, 40.813288981762931 ], [ 22.586766487979837, 40.805779981419278 ], [ 22.600199987973468, 40.805080981104688 ], [ 22.614081988009719, 40.817006481412733 ], [ 22.643864488067631, 40.814659981505372 ], [ 22.640979809349869, 40.847620285357287 ], [ 22.633796463926906, 40.85598125865755 ], [ 22.636188488421539, 40.860328980944196 ] ] ] } },
{ "type": "Feature", "properties": { "region_id": 36, "name": "Oreokastro", "population_weight": 0.022298207659131361, "population_reference": 40000.0, "nearby_ids": [ 30, 33, 24 ] }, "geometry": { "type": "MultiPolygon", "coordinates": [ [ [ [ 22.854644054440961, 40.691385728928772 ], [ 22.853482307419007, 40.694857879508199 ], [ 22.857074348422586, 40.692096255086852 ], [ 22.854644054440961, 40.691385728928772 ] ] ], [ [ [ 22.802072813033877, 40.705913630818252 ], [ 22.823355266690328, 40.695307873935363 ], [ 22.823106415680304, 40.687806585137331 ], [ 22.819617305542177, 40.688679701293061 ], [ 22.817092978389326, 40.681666876717486 ], [ 22.811748287070884, 40.682741755856867 ], [ 22.81346460503714, 40.687466881209282 ], [ 22.799241238092574, 40.692797023293821 ], [ 22.800656903672021, 40.696622900100579 ], [ 22.792351768375489, 40.697755531965718 ], [ 22.788739557059056, 40.705845995936222 ], [ 22.802072813033877, 40.705913630818252 ] ] ], [ [ [ 22.964852488029734, 40.823575480961814 ], [ 22.979023488112738, 40.820557981416947 ], [ 23.003497987593597, 40.822534981240899 ], [ 23.005519487627094, 40.807472481386682 ], [ 23.012111488054064, 40.795985480776594 ], [ 23.009081987638037, 40.79146798087703 ], [ 23.026653488218827, 40.783667481473536 ], [ 23.028336488610723, 40.779763980725633 ], [ 23.018378487594493, 40.757135481080731 ], [ 23.019090488210146, 40.744150981277841 ], [ 23.001290793630293, 40.735972943913104 ], [ 22.998307112837349, 40.737634267596981 ], [ 22.978243487769326, 40.723829981389052 ], [ 22.970081988034334, 40.713224481551393 ], [ 22.957248780038348, 40.709796324461962 ], [ 22.939912618706096, 40.715296019522448 ], [ 22.941886700246979, 40.708481492516313 ], [ 22.938708409083343, 40.705548604808421 ], [ 22.939471614845516, 40.700800857172212 ], [ 22.929888810201387, 40.702179915058302 ], [ 22.934666700746675, 40.692066884604337 ], [ 22.904606179746544, 40.690964420648569 ], [ 22.899755456142564, 40.695742452855555 ], [ 22.878049699127835, 40.702031693213044 ], [ 22.849289670198679, 40.695756486773114 ], [ 22.837473152034381, 40.700148199268661 ], [ 22.836511655266406, 40.705730323041514 ], [ 22.822302786366496, 40.708829530746186 ], [ 22.829426578823515, 40.710858635584394 ], [ 22.824853122474082, 40.712914895258642 ], [ 22.823869088274432, 40.72255311429354 ], [ 22.830881487780712, 40.72787248131619 ], [ 22.824683370213982, 40.727411444703854 ], [ 22.825264761586627, 40.730876588317614 ], [ 22.819570914058506, 40.729507596682247 ], [ 22.816664947567638, 40.736139587829733 ], [ 22.808604988522415, 40.735851481634974 ], [ 22.789567488218896, 40.762978981806199 ], [ 22.802595488345919, 40.762817481076397 ], [ 22.813445488513388, 40.767289481417578 ], [ 22.810001487588615, 40.781009981310156 ], [ 22.814299987638293, 40.783674481694774 ], [ 22.811860988401925, 40.791746481186657 ], [ 22.817680488064813, 40.802222981017941 ], [ 22.803585488055237, 40.823231480950469 ], [ 22.827207987736276, 40.821265481377978 ], [ 22.854911988192214, 40.808410981536682 ], [ 22.864994488164882, 40.817670980934942 ], [ 22.862048987778362, 40.822935481601064 ], [ 22.889867988492895, 40.820368481586911 ], [ 22.897697987558569, 40.823175480886299 ], [ 22.938531987777928, 40.813471981354532 ], [ 22.932571988061547, 40.823532481159283 ], [ 22.952181488031673, 40.823212981095182 ], [ 22.961831987676963, 40.82743098129076 ], [ 22.964852488029734, 40.823575480961814 ] ] ] ] } },
{ "type": "Feature", "properties": { "region_id": 37, "name": "Veria", "population_weight": 0.034927039301280834, "population_reference": 62700.0, "nearby_ids": [ 39, 38, 46 ] }, "geometry": { "type": "Polygon", "coordinates": [ [ [ 22.258781489150532, 40.654901481952777 ], [ 22.296440989294201, 40.634414482155549 ], [ 22.288892488971911, 40.573151981648401 ], [ 22.294723489400305, 40.565389482169138 ], [ 22.322326988551048, 40.566566982503034 ], [ 22.320648988457879, 40.562756982492814 ], [ 22.32844098868258, 40.557496482544309 ], [ 22.329299988396368, 40.54866498184002 ], [ 22.338742988364462, 40.546587982437288 ], [ 22.337547489417155, 40.542523482127486 ], [ 22.341999989188174, 40.538034482459629 ], [ 22.343101489184683, 40.530061982310201 ], [ 22.358390489237355, 40.518207482121852 ], [ 22.360443488874939, 40.506096982599239 ], [ 22.376926489505724, 40.498801982163137 ], [ 22.386664488917535, 40.474925482096296 ], [ 22.402667989043071, 40.473281482574514 ], [ 22.404168988710353, 40.465863482358287 ], [ 22.397702489303907, 40.452640482236561 ], [ 22.399299988866172, 40.449428482180963 ], [ 22.393687989260961, 40.444568482167782 ], [ 22.395123989108583, 40.442681982032639 ], [ 22.391181488765934, 40.442455482266936 ], [ 22.393325489353522, 40.440031982201127 ], [ 22.389135489244932, 40.439051482351658 ], [ 22.387211988693299, 40.433315982481844 ], [ 22.378410988614284, 40.427068482020502 ], [ 22.37975648857897, 40.424494982359711 ], [ 22.376854488837708, 40.425455981990417 ], [ 22.375303989564497, 40.419949982525146 ], [ 22.350389489285725, 40.412413481960854 ], [ 22.346394489381908, 40.404366481987608 ], [ 22.332067489213244, 40.399809482610721 ], [ 22.316098488722123, 40.385598982188455 ], [ 22.312245489689833, 40.376729982695728 ], [ 22.289568489399954, 40.362391982125217 ], [ 22.296196489655621, 40.353305982221471 ], [ 22.294464489203051, 40.335201982571085 ], [ 22.2875939888307, 40.344724482178094 ], [ 22.286257489355606, 40.35746798240406 ], [ 22.278121489437865, 40.357293482599765 ], [ 22.270673989617634, 40.348247482302178 ], [ 22.250296989649645, 40.339902982928059 ], [ 22.229956488701376, 40.343260982279759 ], [ 22.212425489295516, 40.323767483061751 ], [ 22.204069989871627, 40.303528482688527 ], [ 22.161388989570764, 40.301251482297481 ], [ 22.151426488952872, 40.311362982317505 ], [ 22.132853989428614, 40.318875482478745 ], [ 22.126795989664011, 40.32601398296849 ], [ 22.13259348935425, 40.341688482376945 ], [ 22.154102989743443, 40.352704982581379 ], [ 22.153141989541268, 40.359263982204119 ], [ 22.143485488955815, 40.360816482290197 ], [ 22.125679489635882, 40.35776748292885 ], [ 22.111968489340121, 40.372484482883849 ], [ 22.098593989600918, 40.375181982616098 ], [ 22.092650988821283, 40.381860982875764 ], [ 22.093496988937435, 40.396210982932161 ], [ 22.101886489558122, 40.407035982925493 ], [ 22.100681489756525, 40.416657482558769 ], [ 22.104707489718372, 40.43183648223286 ], [ 22.089439989032783, 40.432659982583324 ], [ 22.069160988654765, 40.441960982914694 ], [ 22.024437989192879, 40.436281482125246 ], [ 22.019331989298212, 40.442355982420061 ], [ 22.029071488985718, 40.447692982106886 ], [ 22.013516988994958, 40.462188982489522 ], [ 21.9986684896245, 40.464087482657654 ], [ 21.983350489209538, 40.479169482367134 ], [ 21.934975489072894, 40.484249982930613 ], [ 21.928664988824877, 40.488201982663064 ], [ 21.931287488738267, 40.49651298262706 ], [ 21.928839988971255, 40.502257982064535 ], [ 21.9390674887545, 40.504181482658062 ], [ 21.955985488713157, 40.516200482127068 ], [ 21.96860448894347, 40.510647482822968 ], [ 21.983139489763186, 40.514881482134363 ], [ 21.999257488974376, 40.511467982072695 ], [ 21.978222988924255, 40.532422481965391 ], [ 21.969268489660482, 40.55312398194733 ], [ 21.970312989431498, 40.559094482144133 ], [ 21.985907988750025, 40.572949982101306 ], [ 21.991673988640557, 40.592743482163023 ], [ 21.997775988914523, 40.592980482486595 ], [ 22.019575489122577, 40.574973482338606 ], [ 22.027372489387908, 40.567157481980537 ], [ 22.030184489250743, 40.556095981997736 ], [ 22.039918989386084, 40.556861481957299 ], [ 22.048824488772947, 40.569512482479645 ], [ 22.066312989129795, 40.560029482417448 ], [ 22.082747488790737, 40.57918398185334 ], [ 22.107092989358009, 40.583573482456103 ], [ 22.125256489460952, 40.582427981827429 ], [ 22.134099989382207, 40.576947482483888 ], [ 22.145872989066422, 40.578068481789728 ], [ 22.149942989075612, 40.581445482288153 ], [ 22.144529488387498, 40.592166482560927 ], [ 22.145862988832192, 40.603153481789285 ], [ 22.152530489002544, 40.611413982521327 ], [ 22.175905489000325, 40.596341981897595 ], [ 22.179669989426781, 40.597776981799626 ], [ 22.191459989214547, 40.609730482041812 ], [ 22.192978988383917, 40.6330519815927 ], [ 22.186227488898844, 40.638422981914083 ], [ 22.194051989237206, 40.642583482046774 ], [ 22.200120989375026, 40.644356481677811 ], [ 22.220381988842178, 40.634459981599875 ], [ 22.24792098849646, 40.635039481598632 ], [ 22.255345488726253, 40.637955482390758 ], [ 22.255368488996456, 40.643069482223225 ], [ 22.26044898923282, 40.644367481921748 ], [ 22.258781489150532, 40.654901481952777 ] ] ] } },
{ "type": "Feature", "properties": { "region_id": 38, "name": "Alexandria", "population_weight": 0.021344983112317167, "population_reference": 38300.0, "nearby_ids": [ 48, 35, 44 ] }, "geometry": { "type": "Polygon", "coordinates": [ [ [ 22.494975155289985, 40.682310462687255 ], [ 22.504418326012825, 40.676886042745835 ], [ 22.524953988829196, 40.676644981748268 ], [ 22.535589534696769, 40.673007526535869 ], [ 22.550177352835618, 40.674736117354847 ], [ 22.554344488574472, 40.665913981416338 ], [ 22.564393572000384, 40.659964835190152 ], [ 22.567842342599342, 40.652075558380282 ], [ 22.57971719991458, 40.649407594252594 ], [ 22.594759748254042, 40.637552616873343 ], [ 22.602155974874623, 40.622559845508249 ], [ 22.619112988903929, 40.615609481450676 ], [ 22.632096850590084, 40.572993523906227 ], [ 22.646026662591513, 40.559276180243735 ], [ 22.667370001076399, 40.550712536301766 ], [ 22.681189565976535, 40.53227256766322 ], [ 22.681306889229628, 40.529121540281032 ], [ 22.661525488097254, 40.525943481724141 ], [ 22.656467488301825, 40.521568482178992 ], [ 22.657720488850124, 40.51943948227192 ], [ 22.652841488975852, 40.518211481924403 ], [ 22.65497798850895, 40.513416481814765 ], [ 22.651843988781007, 40.508659481692007 ], [ 22.658485488869939, 40.499629982128816 ], [ 22.655574988515575, 40.497298982407401 ], [ 22.663957488910235, 40.491554481693164 ], [ 22.62899998830262, 40.494880481696164 ], [ 22.608455488258251, 40.519604982065722 ], [ 22.601037988523757, 40.535396981722762 ], [ 22.590965988627818, 40.541930982194437 ], [ 22.570983988588445, 40.545629481613886 ], [ 22.564115488203413, 40.540162482349338 ], [ 22.545393488987624, 40.540627982144116 ], [ 22.517363989178609, 40.549604981606727 ], [ 22.491144989266395, 40.528188982023622 ], [ 22.46985248878552, 40.52362798180333 ], [ 22.462102488478482, 40.529012482166856 ], [ 22.440501488246127, 40.531006982188941 ], [ 22.432996488957848, 40.528131982348647 ], [ 22.437144989220084, 40.508541982286658 ], [ 22.420530489077169, 40.488512982170924 ], [ 22.423897489372852, 40.481206981814658 ], [ 22.43187148929557, 40.47658698232528 ], [ 22.4246754886926, 40.47252798188488 ], [ 22.417097988792996, 40.454933482508153 ], [ 22.412922988524215, 40.456567982095699 ], [ 22.398412989417984, 40.450615982307532 ], [ 22.404168988710353, 40.465863482358287 ], [ 22.402667989043071, 40.473281482574514 ], [ 22.386664488917535, 40.474925482096296 ], [ 22.379152488549362, 40.496492481982962 ], [ 22.360443488874939, 40.506096982599239 ], [ 22.358390489237355, 40.518207482121852 ], [ 22.343101489184683, 40.530061982310201 ], [ 22.341999989188174, 40.538034482459629 ], [ 22.337547489417155, 40.542523482127486 ], [ 22.338742988364462, 40.546587982437288 ], [ 22.329299988396368, 40.54866498184002 ], [ 22.32844098868258, 40.557496482544309 ], [ 22.320648988457879, 40.562756982492814 ], [ 22.322326988551048, 40.566566982503034 ], [ 22.294723489400305, 40.565389482169138 ], [ 22.288892488971911, 40.573151981648401 ], [ 22.296440989294201, 40.634414482155549 ], [ 22.316470489237147, 40.641872481840011 ], [ 22.338330488434291, 40.666565481813166 ], [ 22.361817988185514, 40.680641982204975 ], [ 22.387628488797624, 40.712358481448447 ], [ 22.39411598822749, 40.69168148163395 ], [ 22.398024988486195, 40.687708481397081 ], [ 22.432986988069676, 40.681349981705274 ], [ 22.462472988088997, 40.699074981890369 ], [ 22.466135488962333, 40.710607981693684 ], [ 22.484107488603989, 40.71900198129574 ], [ 22.491366987947128, 40.711267482023089 ], [ 22.489569504407303, 40.692097690665946 ], [ 22.494975155289985, 40.682310462687255 ] ] ] } },
{ "type": "Feature", "properties": { "region_id": 39, "name": "Iroiki Poli Naoussas", "population_weight": 0.016753339491201068, "population_reference": 30100.0, "nearby_ids": [ 37, 42, 45 ] }, "geometry": { "type": "Polygon", "coordinates": [ [ [ 22.062292989257774, 40.733642481698688 ], [ 22.079947989041901, 40.73413148167198 ], [ 22.09462348909139, 40.727030481748784 ], [ 22.110590989252909, 40.717068981840171 ], [ 22.117636988884666, 40.707368482157506 ], [ 22.133509988581601, 40.709431482087687 ], [ 22.169628989341167, 40.697275482137101 ], [ 22.22102948909577, 40.700557481917734 ], [ 22.228726488440458, 40.696230982137827 ], [ 22.230495488747415, 40.690350481730285 ], [ 22.239078988465529, 40.693331481981872 ], [ 22.245619989267126, 40.691983481663257 ], [ 22.256284988735207, 40.684936981697092 ], [ 22.2676769886545, 40.664826981485071 ], [ 22.311781988663302, 40.639840481553705 ], [ 22.294376989022719, 40.633821981676 ], [ 22.258781489150532, 40.654901481952777 ], [ 22.26044898923282, 40.644367481921748 ], [ 22.255368488996456, 40.643069482223225 ], [ 22.255345488726253, 40.637955482390758 ], [ 22.24792098849646, 40.635039481598632 ], [ 22.220381988842178, 40.634459981599875 ], [ 22.200120989375026, 40.644356481677811 ], [ 22.194051989237206, 40.642583482046774 ], [ 22.186227488898844, 40.638422981914083 ], [ 22.192978988383917, 40.6330519815927 ], [ 22.191459989214547, 40.609730482041812 ], [ 22.179669989426781, 40.597776981799626 ], [ 22.175905489000325, 40.596341981897595 ], [ 22.152530489002544, 40.611413982521327 ], [ 22.145862988832192, 40.603153481789285 ], [ 22.144529488387498, 40.592166482560927 ], [ 22.149942989075612, 40.581445482288153 ], [ 22.145872989066422, 40.578068481789728 ], [ 22.134099989382207, 40.576947482483888 ], [ 22.125256489460952, 40.582427981827429 ], [ 22.107092989358009, 40.583573482456103 ], [ 22.082747488790737, 40.57918398185334 ], [ 22.066312989129795, 40.560029482417448 ], [ 22.048824488772947, 40.569512482479645 ], [ 22.039918989386084, 40.556861481957299 ], [ 22.030184489250743, 40.556095981997736 ], [ 22.027372489387908, 40.567157481980537 ], [ 22.019575489122577, 40.574973482338606 ], [ 21.997775988914523, 40.592980482486595 ], [ 21.991673988640557, 40.592743482163023 ], [ 21.985907988750025, 40.572949982101306 ], [ 21.970312989431498, 40.559094482144133 ], [ 21.969268489660482, 40.55312398194733 ], [ 21.978222988924255, 40.532422481965391 ], [ 21.999257488974376, 40.511467982072695 ], [ 21.983139489763186, 40.514881482134363 ], [ 21.96860448894347, 40.510647482822968 ], [ 21.955985488713157, 40.516200482127068 ], [ 21.9390674887545, 40.504181482658062 ], [ 21.928839988971255, 40.502257982064535 ], [ 21.924456489802811, 40.518835482252811 ], [ 21.894509489472707, 40.544185482700279 ], [ 21.894773489636496, 40.553492482672361 ], [ 21.891604489348691, 40.556943982567184 ], [ 21.913385989173506, 40.568095482232287 ], [ 21.914868988708694, 40.575224982514428 ], [ 21.884937989119987, 40.595506982400074 ], [ 21.889158489558234, 40.61025398270813 ], [ 21.887021489562255, 40.620454482208899 ], [ 21.881123489298471, 40.624212482661136 ], [ 21.888175989451511, 40.629737982403341 ], [ 21.884533989040211, 40.640150982543595 ], [ 21.886048989304484, 40.644211982382572 ], [ 21.897604989427613, 40.64750248215622 ], [ 21.902581489567613, 40.653513982031633 ], [ 21.906011489365486, 40.682091982191722 ], [ 21.924456488574076, 40.685406481921184 ], [ 21.940328489094938, 40.682629482087222 ], [ 21.947552989517725, 40.677562981791169 ], [ 21.954167488631271, 40.688027981644623 ], [ 21.967892988391668, 40.694844981813986 ], [ 21.985997989174248, 40.689880981804187 ], [ 21.999843988608767, 40.697345482459426 ], [ 22.069377988639776, 40.708769981686643 ], [ 22.072818488458527, 40.710909981614265 ], [ 22.071897488553926, 40.718108482302831 ], [ 22.06041898933967, 40.721925482136498 ], [ 22.056274488646988, 40.727628482319396 ], [ 22.062292989257774, 40.733642481698688 ] ] ] } },
{ "type": "Feature", "properties": { "region_id": 40, "name": "Kilkis", "population_weight": 0.0252559909605326, "population_reference": 45300.0, "nearby_ids": [ 36, 41, 53 ] }, "geometry": { "type": "Polygon", "coordinates": [ [ [ 22.811802987706475, 41.343570479788582 ], [ 22.818603987181334, 41.335553479800005 ], [ 22.827565987619533, 41.334341980008681 ], [ 22.879178487124872, 41.340652980580032 ], [ 22.876488987216792, 41.332450480051477 ], [ 22.882699487260247, 41.313457479902006 ], [ 22.884449987799421, 41.288629980078568 ], [ 22.88126698709344, 41.270820980177241 ], [ 22.891617987718266, 41.258554980755868 ], [ 22.890163986974965, 41.255142480181675 ], [ 22.878707987691719, 41.251244480196448 ], [ 22.877572987105967, 41.245940980584592 ], [ 22.86904798694643, 41.23927598027543 ], [ 22.87476748748605, 41.223946980221911 ], [ 22.871926487664375, 41.219847980576539 ], [ 22.880868987887268, 41.201682480211893 ], [ 22.894224987654468, 41.195408980240828 ], [ 22.909130987986121, 41.197953980208005 ], [ 22.92116098720167, 41.191882980112275 ], [ 22.930433987035329, 41.192573980405086 ], [ 22.941338487854516, 41.200082480279789 ], [ 22.955692487876899, 41.202715980722722 ], [ 22.976547986794539, 41.21193448026677 ], [ 22.990309987320927, 41.225175980099586 ], [ 22.994105487102878, 41.224874480496467 ], [ 22.998940987464099, 41.21170598031437 ], [ 22.99415098730767, 41.201671480609072 ], [ 22.995143487252125, 41.196794479948593 ], [ 23.00387548748213, 41.188752480269699 ], [ 23.008206987183634, 41.189936480459245 ], [ 23.039098487778649, 41.176207980733807 ], [ 23.042812487561939, 41.170985980039681 ], [ 23.039656486818586, 41.163102980541751 ], [ 23.05411048720859, 41.151271979998619 ], [ 23.077991486947816, 41.15112148065068 ], [ 23.093200986895713, 41.14675698055926 ], [ 23.092181987193459, 41.140979980812482 ], [ 23.114832487656653, 41.13767348003293 ], [ 23.129249487748645, 41.125490480024993 ], [ 23.138244987871897, 41.123735980316226 ], [ 23.140921487047986, 41.118970480565437 ], [ 23.179425487799584, 41.120213480460201 ], [ 23.184114987906131, 41.117836980156859 ], [ 23.185175487876371, 41.108592980554086 ], [ 23.198614987668211, 41.106792980369946 ], [ 23.20535698748359, 41.101488980293318 ], [ 23.214623986939749, 41.102205980352771 ], [ 23.2152199869697, 41.099735480185991 ], [ 23.205266486820157, 41.094290480082179 ], [ 23.202912487480642, 41.089112980288334 ], [ 23.204391487250781, 41.081286980637977 ], [ 23.194188487545397, 41.07508348013608 ], [ 23.191497487838202, 41.066114980647313 ], [ 23.193816487628322, 41.058606980179647 ], [ 23.189833487490223, 41.056468980862597 ], [ 23.189716987878899, 41.052479980656997 ], [ 23.1854504875906, 41.051727480625949 ], [ 23.185415987884376, 41.04580848069358 ], [ 23.203318987530348, 41.043084980277776 ], [ 23.224819487651388, 41.049964480333394 ], [ 23.230382487592887, 41.045125980272211 ], [ 23.227013987529414, 41.036106980205886 ], [ 23.232113487876866, 41.029355980571971 ], [ 23.252374487421836, 41.019751480736673 ], [ 23.249198987754799, 41.009956980221688 ], [ 23.24037398789384, 41.00603498031154 ], [ 23.238355487234887, 41.001314980365507 ], [ 23.226121987507877, 40.9980369803042 ], [ 23.22107398745101, 40.992364480699244 ], [ 23.181865987358428, 40.982975480599514 ], [ 23.172648987848557, 40.964996480964601 ], [ 23.159492987461096, 40.955487980829297 ], [ 23.127916987525307, 40.955037481112683 ], [ 23.124332487761116, 40.946145980523447 ], [ 23.111671987417115, 40.947728980596409 ], [ 23.098666487530249, 40.955899480842376 ], [ 23.089847987507223, 40.969692980632288 ], [ 23.086573987972226, 40.968764980717062 ], [ 23.085963487750213, 40.957070480981265 ], [ 23.080784487325012, 40.954539480520459 ], [ 23.007581987209587, 40.937622480597014 ], [ 23.012866987867255, 40.930663480615223 ], [ 23.010867488317931, 40.919843480923788 ], [ 23.016287487793107, 40.911440980608084 ], [ 23.010800487492169, 40.904089480748219 ], [ 23.015649987416616, 40.902387480699971 ], [ 23.013487487424459, 40.89320748070562 ], [ 23.015686988216501, 40.891394981142597 ], [ 23.01115298782582, 40.886678480892847 ], [ 23.012554487468581, 40.877307480609474 ], [ 22.998741987340914, 40.870133981238901 ], [ 22.981377487570423, 40.870107981148337 ], [ 22.966398987779996, 40.853111981505059 ], [ 22.955327988316974, 40.852051980784466 ], [ 22.95343398763502, 40.849562481126959 ], [ 22.961831987676963, 40.82743098129076 ], [ 22.952181488031673, 40.823212981095182 ], [ 22.932571988061547, 40.823532481159283 ], [ 22.938531987777928, 40.813471981354532 ], [ 22.897697987558569, 40.823175480886299 ], [ 22.889867988492895, 40.820368481586911 ], [ 22.862048987778362, 40.822935481601064 ], [ 22.864994488164882, 40.817670980934942 ], [ 22.854911988192214, 40.808410981536682 ], [ 22.819604488464648, 40.823289981521349 ], [ 22.766417488648674, 40.821989980966329 ], [ 22.760470987983467, 40.817955981259004 ], [ 22.76346048775196, 40.802296481721072 ], [ 22.740523488691835, 40.80286348161917 ], [ 22.738235488395585, 40.790880480899084 ], [ 22.717402988008779, 40.795560481781145 ], [ 22.701319988426839, 40.79444548173349 ], [ 22.694828488770717, 40.797548481653635 ], [ 22.693269987679191, 40.815419480989412 ], [ 22.683829487621406, 40.831687981281483 ], [ 22.68865248823797, 40.852395481305599 ], [ 22.686309488109607, 40.85992748146159 ], [ 22.688232487804903, 40.864194981101207 ], [ 22.712375987726208, 40.871626480933756 ], [ 22.715907987579335, 40.875589981247643 ], [ 22.685010988317558, 40.892994481428332 ], [ 22.671809488512391, 40.894510980864403 ], [ 22.66950998800997, 40.898724980821143 ], [ 22.708114487522604, 40.904554980974922 ], [ 22.709547487683484, 40.946175981207027 ], [ 22.715735487667946, 40.964435980933686 ], [ 22.691474487428177, 40.967250980734185 ], [ 22.678863487876491, 40.972829981292854 ], [ 22.686461987948064, 40.980105481260303 ], [ 22.687069988203721, 40.989463481192665 ], [ 22.697539988255301, 40.993632481345877 ], [ 22.700490988087243, 40.999342980518783 ], [ 22.693122987906154, 41.011001481009231 ], [ 22.691335988282816, 41.023755980854865 ], [ 22.709338487313321, 41.029307480909544 ], [ 22.723893487913386, 41.027563480613338 ], [ 22.716243487508578, 41.036571481019372 ], [ 22.692173988377348, 41.052982480537025 ], [ 22.681494488329406, 41.056861981238171 ], [ 22.676801487293936, 41.051191480510852 ], [ 22.648376988230869, 41.069290981200503 ], [ 22.645429988109392, 41.080012481274757 ], [ 22.680101988315798, 41.111888481067581 ], [ 22.690829987638235, 41.134904980721387 ], [ 22.704891987184894, 41.144662480839607 ], [ 22.711089987114232, 41.139528980474054 ], [ 22.716637988173684, 41.143907480562355 ], [ 22.731488488103114, 41.146093980415884 ], [ 22.747391987821185, 41.163033480738001 ], [ 22.761059987226176, 41.266992980299911 ], [ 22.755628487691695, 41.275768480709317 ], [ 22.759196487621669, 41.277577480625048 ], [ 22.759781487610365, 41.282694480516881 ], [ 22.764025987673374, 41.283784480412294 ], [ 22.762649987880554, 41.288503980770798 ], [ 22.766048487793785, 41.292463479918801 ], [ 22.759070987108448, 41.29731398000856 ], [ 22.75633648709163, 41.306123480560025 ], [ 22.762477987408488, 41.320233979941854 ], [ 22.768072987202153, 41.325485980443283 ], [ 22.786093487475462, 41.32623698066562 ], [ 22.793669987432111, 41.330525980080097 ], [ 22.800043987051087, 41.34113297978719 ], [ 22.807853487299525, 41.338098480048515 ], [ 22.809824487843553, 41.342490480153678 ], [ 22.811802987706475, 41.343570479788582 ] ] ] } },
{ "type": "Feature", "properties": { "region_id": 41, "name": "Peonia", "population_weight": 0.014029681517087526, "population_reference": 25200.0, "nearby_ids": [ 44, 35, 40 ] }, "geometry": { "type": "Polygon", "coordinates": [ [ [ 22.665973987352725, 41.186366980444618 ], [ 22.687855487265995, 41.159342980343233 ], [ 22.704891987184894, 41.144662480839607 ], [ 22.686330487470979, 41.129008980869315 ], [ 22.680101988315798, 41.111888481067581 ], [ 22.646125487715253, 41.081826481270909 ], [ 22.649340987313209, 41.072786980606757 ], [ 22.646740487320411, 41.070601481164886 ], [ 22.676801487293936, 41.051191480510852 ], [ 22.681494488329406, 41.056861981238171 ], [ 22.692173988377348, 41.052982480537025 ], [ 22.716243487508578, 41.036571481019372 ], [ 22.723893487913386, 41.027563480613338 ], [ 22.709338487313321, 41.029307480909544 ], [ 22.691335988282816, 41.023755980854865 ], [ 22.693122987906154, 41.011001481009231 ], [ 22.700490988087243, 40.999342980518783 ], [ 22.697539988255301, 40.993632481345877 ], [ 22.687069988203721, 40.989463481192665 ], [ 22.686461987948064, 40.980105481260303 ], [ 22.678863487876491, 40.972829981292854 ], [ 22.691474487428177, 40.967250980734185 ], [ 22.715735487667946, 40.964435980933686 ], [ 22.709547487683484, 40.946175981207027 ], [ 22.708114487522604, 40.904554980974922 ], [ 22.673481988280923, 40.900180980962098 ], [ 22.669387488256504, 40.897303981590191 ], [ 22.673985488697692, 40.893900480801918 ], [ 22.685010988317558, 40.892994481428332 ], [ 22.714818987543381, 40.876725481578788 ], [ 22.715940487898653, 40.874424481128777 ], [ 22.712375987726208, 40.871626480933756 ], [ 22.688232487804903, 40.864194981101207 ], [ 22.686309488109607, 40.85992748146159 ], [ 22.636188488421539, 40.860328980944196 ], [ 22.633796463926906, 40.85598125865755 ], [ 22.640979809349869, 40.847620285357287 ], [ 22.641657030607266, 40.842122645966057 ], [ 22.625605987929006, 40.838094981516782 ], [ 22.600176488079786, 40.847107481059709 ], [ 22.586430488400691, 40.848360981162308 ], [ 22.575083488091771, 40.854631481134007 ], [ 22.562734487743597, 40.85473398163856 ], [ 22.55199448863582, 40.861809981255533 ], [ 22.533570988733665, 40.867064981787799 ], [ 22.513932988818503, 40.865962981227533 ], [ 22.499731988433574, 40.87174348132185 ], [ 22.496107488052392, 40.870292481652854 ], [ 22.483389988736317, 40.880800981422446 ], [ 22.477371488880806, 40.876487980980315 ], [ 22.470557988609421, 40.882901981667189 ], [ 22.4641124877657, 40.881653481473215 ], [ 22.448507987869885, 40.869136981146063 ], [ 22.446055488402298, 40.863946481396447 ], [ 22.448994988133823, 40.857384981438557 ], [ 22.439535987865998, 40.856051981326026 ], [ 22.429608988911774, 40.8599029812735 ], [ 22.424956488689826, 40.870907981228946 ], [ 22.415818988525963, 40.873557481660001 ], [ 22.38809598828561, 40.894395481584212 ], [ 22.365415488674817, 40.904249481047309 ], [ 22.358413488156401, 40.922517481592351 ], [ 22.360362988702704, 40.92906398140321 ], [ 22.357160988378475, 40.943994981721417 ], [ 22.349188488244188, 40.952008981330152 ], [ 22.308889988575078, 40.962785981608789 ], [ 22.296926488655163, 40.969613481697941 ], [ 22.282784988860612, 40.970359981565927 ], [ 22.277726987925021, 40.960825981063294 ], [ 22.268762988239377, 40.957321981735419 ], [ 22.263316488593446, 40.957227481680277 ], [ 22.257863487719519, 40.962790981526879 ], [ 22.257560988388796, 40.984834481396391 ], [ 22.250623988282523, 40.990263981153724 ], [ 22.253060988301353, 41.010576980904389 ], [ 22.264458988468817, 41.016976981039761 ], [ 22.306808988534929, 41.016035481548101 ], [ 22.308871488757333, 41.028704480909042 ], [ 22.317730988285184, 41.03161348095643 ], [ 22.331097488162214, 41.04636048139848 ], [ 22.318521488511422, 41.062412481462005 ], [ 22.331369988417272, 41.082897481247905 ], [ 22.328146988327159, 41.092773480625574 ], [ 22.332414987649873, 41.10191248097005 ], [ 22.333918987986792, 41.112148481408738 ], [ 22.330307987746675, 41.117714480717986 ], [ 22.334000987453983, 41.120509481289659 ], [ 22.33382398761421, 41.128938480542502 ], [ 22.342276987572795, 41.129390981031605 ], [ 22.345385987997098, 41.134825480651507 ], [ 22.349388488564884, 41.135613980747891 ], [ 22.363810487802205, 41.13227348101006 ], [ 22.36873398837929, 41.137767981247002 ], [ 22.373908487535537, 41.137675480799231 ], [ 22.382004988383937, 41.131995980490153 ], [ 22.389110487943391, 41.132121980714913 ], [ 22.392566987390172, 41.136332480527813 ], [ 22.40226448766559, 41.137782980949609 ], [ 22.404862488099312, 41.13576898057881 ], [ 22.402414488383684, 41.128720980634398 ], [ 22.417963488433625, 41.118665480699875 ], [ 22.430921987424576, 41.121147480473091 ], [ 22.445024987459036, 41.117969980621524 ], [ 22.452546487382232, 41.122033480860559 ], [ 22.465434987618636, 41.116768480963756 ], [ 22.506953487489746, 41.125950480698975 ], [ 22.562107987797059, 41.131152980972132 ], [ 22.574274987653858, 41.119039480764407 ], [ 22.589235487980684, 41.117479480929916 ], [ 22.617663987505104, 41.133597480454334 ], [ 22.636636987617148, 41.153209480834448 ], [ 22.642144987934852, 41.160509480314751 ], [ 22.641478487225452, 41.169587480960374 ], [ 22.648018487370869, 41.1810514806876 ], [ 22.653898987547244, 41.180227980202041 ], [ 22.665973987352725, 41.186366980444618 ] ] ] } },
{ "type": "Feature", "properties": { "region_id": 42, "name": "Edessa", "population_weight": 0.014719236350075339, "population_reference": 26400.0, "nearby_ids": [ 45, 39, 43 ] }, "geometry": { "type": "Polygon", "coordinates": [ [ [ 21.996049987989736, 40.909278481880314 ], [ 22.000365988462942, 40.900325481641879 ], [ 22.010579988933738, 40.902031981694236 ], [ 22.017933988572523, 40.897904481575388 ], [ 22.026527489031643, 40.901247981280463 ], [ 22.036729488872552, 40.895187981311715 ], [ 22.05341048871723, 40.874733481234863 ], [ 22.070708488005796, 40.873719981333373 ], [ 22.085256988155223, 40.863558481993643 ], [ 22.095419488271222, 40.851496481360897 ], [ 22.095157988015682, 40.847406481838718 ], [ 22.100822489173485, 40.845687481916215 ], [ 22.09991798900915, 40.837984481935045 ], [ 22.124989988072205, 40.819669982075794 ], [ 22.126201489228851, 40.811114481736738 ], [ 22.136257988828472, 40.804917482162494 ], [ 22.126882988277529, 40.798950981938511 ], [ 22.121285488610297, 40.785101981802917 ], [ 22.135380988190096, 40.788687481978094 ], [ 22.136968988447745, 40.779672981834487 ], [ 22.11279698913691, 40.781285981377458 ], [ 22.092587988445484, 40.768037981827142 ], [ 22.083836988325292, 40.768184981583161 ], [ 22.098408489211781, 40.749258981728673 ], [ 22.091648488966928, 40.744362981645352 ], [ 22.091488988771136, 40.72842498204276 ], [ 22.079947989041901, 40.73413148167198 ], [ 22.067207488787439, 40.734270981757369 ], [ 22.062292989257774, 40.733642481698688 ], [ 22.056274488646988, 40.727628482319396 ], [ 22.06041898933967, 40.721925482136498 ], [ 22.071897488553926, 40.718108482302831 ], [ 22.072025988449191, 40.709684482357744 ], [ 21.999843988608767, 40.697345482459426 ], [ 21.985997989174248, 40.689880981804187 ], [ 21.967892988391668, 40.694844981813986 ], [ 21.954167488631271, 40.688027981644623 ], [ 21.947552989517725, 40.677562981791169 ], [ 21.940328489094938, 40.682629482087222 ], [ 21.924456488574076, 40.685406481921184 ], [ 21.906011489365486, 40.682091982191722 ], [ 21.880702989152187, 40.686525981969055 ], [ 21.858195989483683, 40.695231482516292 ], [ 21.846547488774664, 40.70826098185168 ], [ 21.840846988639687, 40.706316482252802 ], [ 21.833803489051917, 40.697585982490033 ], [ 21.817964989047574, 40.697688482551953 ], [ 21.813250488421144, 40.704434482531255 ], [ 21.815524489181016, 40.711288482545093 ], [ 21.811282488701274, 40.726062981898011 ], [ 21.779119988779126, 40.743158481978135 ], [ 21.795026989489461, 40.773237482253435 ], [ 21.771884988954803, 40.77917598183727 ], [ 21.749361989395823, 40.774600982495457 ], [ 21.732047988396058, 40.785615481749581 ], [ 21.741666488345597, 40.795143982036137 ], [ 21.735184989399293, 40.805805982164578 ], [ 21.741857488836374, 40.812592981686009 ], [ 21.741728988446848, 40.81853548177066 ], [ 21.736169989495281, 40.826894481578755 ], [ 21.725434989133326, 40.833592982398969 ], [ 21.704307489024227, 40.863218481947627 ], [ 21.715870988724991, 40.870692982089572 ], [ 21.725661488822468, 40.869812981685151 ], [ 21.73313898826741, 40.867124481805895 ], [ 21.72912248919371, 40.859403481998278 ], [ 21.733735489130328, 40.854376982071599 ], [ 21.744969988815583, 40.863770481823678 ], [ 21.773380988884011, 40.867758981441106 ], [ 21.803207488224501, 40.879811981438934 ], [ 21.808939488902894, 40.88816648140925 ], [ 21.831011489155127, 40.899069981480167 ], [ 21.840524488785078, 40.892040481382942 ], [ 21.84568698905364, 40.891743481683982 ], [ 21.858366988927333, 40.896845481796554 ], [ 21.864555488198533, 40.904370481456326 ], [ 21.891097989088514, 40.87444998215252 ], [ 21.912862988084356, 40.88741198208335 ], [ 21.918004989047795, 40.895112981681613 ], [ 21.925705488593866, 40.892687481573205 ], [ 21.950225988221092, 40.902962481741604 ], [ 21.96877548838177, 40.902855481245197 ], [ 21.996049987989736, 40.909278481880314 ] ] ] } },
{ "type": "Feature", "properties": { "region_id": 43, "name": "Almopia", "population_weight": 0.013918193265998146, "population_reference": 25000.0, "nearby_ids": [ 45, 42, 44 ] }, "geometry": { "type": "Polygon", "coordinates": [ [ [ 22.216215988124404, 41.170457480892104 ], [ 22.238185488137848, 41.162230981050811 ], [ 22.244168487777831, 41.16550048058356 ], [ 22.26027148773791, 41.16619298111668 ], [ 22.27304398821467, 41.162610480855591 ], [ 22.276837988320292, 41.155410480713087 ], [ 22.288141988266133, 41.155158981166288 ], [ 22.30326148798347, 41.145978480698425 ], [ 22.323728487791893, 41.151100980937208 ], [ 22.320717987800066, 41.143832980874116 ], [ 22.32803048807218, 41.13648898121366 ], [ 22.325032988583157, 41.128870480760199 ], [ 22.326854487995039, 41.121644481201201 ], [ 22.332051987795353, 41.120272480769664 ], [ 22.330307987746675, 41.117714480717986 ], [ 22.333918987986792, 41.112148481408738 ], [ 22.328146988327159, 41.092773480625574 ], [ 22.331369988417272, 41.082897481247905 ], [ 22.318521488511422, 41.062412481462005 ], [ 22.331097488162214, 41.04636048139848 ], [ 22.317730988285184, 41.03161348095643 ], [ 22.308871488757333, 41.028704480909042 ], [ 22.307707488650678, 41.01646898119332 ], [ 22.264458988468817, 41.016976981039761 ], [ 22.250923488267478, 41.00710048154636 ], [ 22.252741987833478, 40.994216981275258 ], [ 22.250623988282523, 40.990263981153724 ], [ 22.257560988388796, 40.984834481396391 ], [ 22.257863487719519, 40.962790981526879 ], [ 22.261690988731516, 40.958148981123145 ], [ 22.267305988016744, 40.957119980884997 ], [ 22.265497488380305, 40.941917480924324 ], [ 22.274235988545691, 40.91495048133735 ], [ 22.256147488879776, 40.91179948152805 ], [ 22.242611488098945, 40.903215981509646 ], [ 22.217506488955667, 40.89987198174898 ], [ 22.216258487929682, 40.90630798140262 ], [ 22.181049488267728, 40.919838481756543 ], [ 22.145465488115157, 40.917059981518719 ], [ 22.140069488192182, 40.923499981514396 ], [ 22.121095988133504, 40.915883981633868 ], [ 22.115724488944991, 40.912580981959984 ], [ 22.116506988315493, 40.907666481443101 ], [ 22.123701487951884, 40.895935481750179 ], [ 22.128835988308754, 40.896104481710175 ], [ 22.126299988614946, 40.89004748154634 ], [ 22.129299988348453, 40.884871981996056 ], [ 22.137179488506693, 40.876188481375969 ], [ 22.143514988377536, 40.876301981200413 ], [ 22.14911948867298, 40.868033481807892 ], [ 22.149293989054797, 40.863326981959041 ], [ 22.143938988492547, 40.858426981779175 ], [ 22.153575488643344, 40.854487481358149 ], [ 22.140398989024323, 40.850441481464557 ], [ 22.131630488387188, 40.858379981915348 ], [ 22.130441488462729, 40.868944481900236 ], [ 22.108333988198787, 40.884029982005636 ], [ 22.102343988259779, 40.891896981811151 ], [ 22.094278488057839, 40.878244981880961 ], [ 22.078983488937318, 40.868233981539511 ], [ 22.070708488005796, 40.873719981333373 ], [ 22.05341048871723, 40.874733481234863 ], [ 22.03185298824566, 40.898678981255536 ], [ 22.026527489031643, 40.901247981280463 ], [ 22.017933988572523, 40.897904481575388 ], [ 22.010579988933738, 40.902031981694236 ], [ 22.000365988462942, 40.900325481641879 ], [ 21.996049987989736, 40.909278481880314 ], [ 21.96877548838177, 40.902855481245197 ], [ 21.950225988221092, 40.902962481741604 ], [ 21.925705488593866, 40.892687481573205 ], [ 21.918004989047795, 40.895112981681613 ], [ 21.912862988084356, 40.88741198208335 ], [ 21.891097989088514, 40.87444998215252 ], [ 21.875892988724004, 40.888581981447807 ], [ 21.865352488250007, 40.904340981535064 ], [ 21.855684989117176, 40.89525148209016 ], [ 21.840524488785078, 40.892040481382942 ], [ 21.8275184887714, 40.901599981408857 ], [ 21.82798348832841, 40.905819981711545 ], [ 21.809913488543575, 40.910375481686948 ], [ 21.806814988128341, 40.908590482038818 ], [ 21.797820488438127, 40.924514981456106 ], [ 21.78737798879477, 40.931125481628307 ], [ 21.790009988602808, 40.938387981389923 ], [ 21.804147488898025, 40.94473248129524 ], [ 21.802977488442306, 40.948530981717212 ], [ 21.806107488829994, 40.951178981351937 ], [ 21.799940989019962, 40.957844481251826 ], [ 21.799816488883359, 40.975426481254942 ], [ 21.81478198886742, 40.98588148137209 ], [ 21.824920988232925, 40.987980481144554 ], [ 21.832227488310739, 40.993640981307358 ], [ 21.843129488032492, 40.994900481931147 ], [ 21.8476664886912, 40.998441481142997 ], [ 21.84765598901032, 41.006503981923302 ], [ 21.859504988124801, 41.018928981279316 ], [ 21.884273988571731, 41.02748248135142 ], [ 21.882132988975297, 41.040832981390047 ], [ 21.896624988566284, 41.038622481361607 ], [ 21.908322988251051, 41.044878481393717 ], [ 21.913437987972273, 41.050561481495023 ], [ 21.903448487910605, 41.069809481499838 ], [ 21.910931487850224, 41.082571480950399 ], [ 21.908896488054832, 41.090851481444304 ], [ 21.92175198847195, 41.094231981286583 ], [ 21.939487988771923, 41.107600480863553 ], [ 21.951143988760478, 41.110131481641538 ], [ 21.954806488710073, 41.116904981079891 ], [ 21.962686988295363, 41.116988481182361 ], [ 21.972830488273825, 41.129061481459395 ], [ 21.991976488409939, 41.125846981138857 ], [ 22.014439488194242, 41.132143980858864 ], [ 22.028081988084164, 41.132174980833909 ], [ 22.033908988762093, 41.138684481554066 ], [ 22.041059987880459, 41.140238980682334 ], [ 22.046064487810408, 41.148216981343623 ], [ 22.059804988578655, 41.151053481476787 ], [ 22.06167998844176, 41.161313481185694 ], [ 22.079969488643005, 41.151732981491222 ], [ 22.081418488189854, 41.14864598126784 ], [ 22.078514987685868, 41.14492398102788 ], [ 22.08810398797424, 41.137641981170113 ], [ 22.097993488275275, 41.138533981483988 ], [ 22.112402488299487, 41.134298981515599 ], [ 22.11970998793333, 41.126566480799404 ], [ 22.129113487616042, 41.122465981161099 ], [ 22.131360487818764, 41.125551481260651 ], [ 22.139201987764416, 41.12449398118008 ], [ 22.149216987784328, 41.127748480995237 ], [ 22.154248488241027, 41.138304980854592 ], [ 22.162689487576785, 41.143131481402513 ], [ 22.171999987848675, 41.156737981238095 ], [ 22.188691988422107, 41.161386981089748 ], [ 22.204978487849154, 41.16144748135455 ], [ 22.216215988124404, 41.170457480892104 ] ] ] } },
{ "type": "Feature", "properties": { "region_id": 44, "name": "Pella", "population_weight": 0.031796449210691052, "population_reference": 57000.0, "nearby_ids": [ 45, 38, 35 ] }, "geometry": { "type": "Polygon", "coordinates": [ [ [ 22.282784988860612, 40.970359981565927 ], [ 22.297840488597224, 40.969383481582099 ], [ 22.308889988575078, 40.962785981608789 ], [ 22.351339987792745, 40.950457980860541 ], [ 22.356604987688307, 40.945187481000019 ], [ 22.359649488516343, 40.935484981024821 ], [ 22.358413488156401, 40.922517481592351 ], [ 22.363576988225386, 40.906338980923074 ], [ 22.370431988655362, 40.900575481688392 ], [ 22.38809598828561, 40.894395481584212 ], [ 22.415818988525963, 40.873557481660001 ], [ 22.424956488689826, 40.870907981228946 ], [ 22.432672987742787, 40.857922981651029 ], [ 22.448994988133823, 40.857384981438557 ], [ 22.446055488402298, 40.863946481396447 ], [ 22.448507987869885, 40.869136981146063 ], [ 22.4641124877657, 40.881653481473215 ], [ 22.472059487949103, 40.882444980966199 ], [ 22.478555988560373, 40.876404481119685 ], [ 22.483389988736317, 40.880800981422446 ], [ 22.496107488052392, 40.870292481652854 ], [ 22.499731988433574, 40.87174348132185 ], [ 22.513932988818503, 40.865962981227533 ], [ 22.533570988733665, 40.867064981787799 ], [ 22.55199448863582, 40.861809981255533 ], [ 22.562734487743597, 40.85473398163856 ], [ 22.575083488091771, 40.854631481134007 ], [ 22.586430488400691, 40.848360981162308 ], [ 22.600176488079786, 40.847107481059709 ], [ 22.621303488743852, 40.838599981140717 ], [ 22.641657030607266, 40.842122645966057 ], [ 22.644504987889093, 40.815355481222753 ], [ 22.614081988009719, 40.817006481412733 ], [ 22.600199987973468, 40.805080981104688 ], [ 22.586766487979837, 40.805779981419278 ], [ 22.574502487766583, 40.813288981762931 ], [ 22.563195488691036, 40.830384981672019 ], [ 22.560509987720973, 40.829333981298305 ], [ 22.555518988007332, 40.835123481439766 ], [ 22.550858488357964, 40.835506980950207 ], [ 22.552861488865254, 40.837797480964625 ], [ 22.549423988087412, 40.841016481766644 ], [ 22.538743488158634, 40.842531481610756 ], [ 22.536850487806873, 40.839828481603099 ], [ 22.567266987833531, 40.807709981279345 ], [ 22.558822488228191, 40.802641481476954 ], [ 22.548545988853483, 40.811067981712483 ], [ 22.544793488710024, 40.809302481896708 ], [ 22.550059488371531, 40.805613481039224 ], [ 22.541615488902693, 40.800644481249407 ], [ 22.519426488363916, 40.803470481354218 ], [ 22.511046988943935, 40.807174481372215 ], [ 22.509715487796761, 40.816132981213777 ], [ 22.501346488338161, 40.816830981410796 ], [ 22.495315988608201, 40.808798481317403 ], [ 22.494941488575822, 40.79774598124218 ], [ 22.503803988615992, 40.801843981336567 ], [ 22.519008488202381, 40.792822981191918 ], [ 22.533106988164104, 40.789931981550872 ], [ 22.55442598837713, 40.751318981896411 ], [ 22.56339298878326, 40.749594481550986 ], [ 22.569564488057555, 40.742324481870277 ], [ 22.562014488615908, 40.725679481937576 ], [ 22.536464488486121, 40.732962481157131 ], [ 22.518583988299099, 40.73119898133465 ], [ 22.512369487922026, 40.726993981910915 ], [ 22.513361988994962, 40.720622981419481 ], [ 22.491366987947128, 40.711267482023089 ], [ 22.484107488603989, 40.71900198129574 ], [ 22.466135488962333, 40.710607981693684 ], [ 22.462472988088997, 40.699074981890369 ], [ 22.432986988069676, 40.681349981705274 ], [ 22.398024988486195, 40.687708481397081 ], [ 22.39411598822749, 40.69168148163395 ], [ 22.387628488797624, 40.712358481448447 ], [ 22.361817988185514, 40.680641982204975 ], [ 22.338330488434291, 40.666565481813166 ], [ 22.315592488790575, 40.641141982042996 ], [ 22.307567488531248, 40.6412654819013 ], [ 22.2676769886545, 40.664826981485071 ], [ 22.254727988230592, 40.686789481571353 ], [ 22.241176488595627, 40.693268982050768 ], [ 22.230495488747415, 40.690350481730285 ], [ 22.228726488440458, 40.696230982137827 ], [ 22.22102948909577, 40.700557481917734 ], [ 22.205609489020542, 40.701347481822609 ], [ 22.199742489012142, 40.706414481742868 ], [ 22.197375489089946, 40.713718981628823 ], [ 22.20639248881632, 40.722304981954288 ], [ 22.218049488821737, 40.720219981716092 ], [ 22.224355488557023, 40.722849981995601 ], [ 22.226235988200408, 40.746071481570155 ], [ 22.234594988523263, 40.757622482175151 ], [ 22.24537948814498, 40.763516481617394 ], [ 22.244726988723439, 40.768219481927758 ], [ 22.23678898855059, 40.772959481919074 ], [ 22.234643489117968, 40.777946481426874 ], [ 22.246558988633343, 40.778198481565028 ], [ 22.253306488606285, 40.772392981850309 ], [ 22.249931989073822, 40.798829481756115 ], [ 22.251724988830574, 40.810855481350849 ], [ 22.229001989050012, 40.81301398187739 ], [ 22.221901988217006, 40.809434981779212 ], [ 22.21768898833275, 40.819643981410636 ], [ 22.217748988980386, 40.825224981949738 ], [ 22.228216988053013, 40.826160481399974 ], [ 22.242244988358433, 40.834888981660733 ], [ 22.233152488234378, 40.847233481637545 ], [ 22.236014488866299, 40.859710481773405 ], [ 22.231207988049004, 40.87442198139096 ], [ 22.223246488625428, 40.881962981556249 ], [ 22.222973488824245, 40.890929481871432 ], [ 22.214468487893846, 40.895612481797365 ], [ 22.217506488955667, 40.89987198174898 ], [ 22.242611488098945, 40.903215981509646 ], [ 22.256147488879776, 40.91179948152805 ], [ 22.274235988545691, 40.91495048133735 ], [ 22.265497488380305, 40.941917480924324 ], [ 22.265636488255293, 40.952372981598224 ], [ 22.267305988016744, 40.957119980884997 ], [ 22.277726987925021, 40.960825981063294 ], [ 22.282784988860612, 40.970359981565927 ] ] ] } },
{ "type": "Feature", "properties": { "region_id": 45, "name": "Skydra", "population_weight": 0.010214553564808956, "population_reference": 18300.0, "nearby_ids": [ 44, 42, 39 ] }, "geometry": { "type": "Polygon", "coordinates": [ [ [ 22.145465488115157, 40.917059981518719 ], [ 22.181049488267728, 40.919838481756543 ], [ 22.217443988536665, 40.905550481923392 ], [ 22.214468487893846, 40.895612481797365 ], [ 22.222973488824245, 40.890929481871432 ], [ 22.223246488625428, 40.881962981556249 ], [ 22.231207988049004, 40.87442198139096 ], [ 22.236014488866299, 40.859710481773405 ], [ 22.233152488234378, 40.847233481637545 ], [ 22.242244988358433, 40.834888981660733 ], [ 22.228216988053013, 40.826160481399974 ], [ 22.217748988980386, 40.825224981949738 ], [ 22.21768898833275, 40.819643981410636 ], [ 22.221901988217006, 40.809434981779212 ], [ 22.229001989050012, 40.81301398187739 ], [ 22.251724988830574, 40.810855481350849 ], [ 22.249931989073822, 40.798829481756115 ], [ 22.253306488606285, 40.772392981850309 ], [ 22.246558988633343, 40.778198481565028 ], [ 22.234643489117968, 40.777946481426874 ], [ 22.23678898855059, 40.772959481919074 ], [ 22.244726988723439, 40.768219481927758 ], [ 22.24537948814498, 40.763516481617394 ], [ 22.234594988523263, 40.757622482175151 ], [ 22.226235988200408, 40.746071481570155 ], [ 22.223489488909131, 40.721562482160721 ], [ 22.205512988608561, 40.721805981927346 ], [ 22.197375489089946, 40.713718981628823 ], [ 22.199742489012142, 40.706414481742868 ], [ 22.205609489020542, 40.701347481822609 ], [ 22.195396488864265, 40.698140981681185 ], [ 22.169628989341167, 40.697275482137101 ], [ 22.133509988581601, 40.709431482087687 ], [ 22.117636988884666, 40.707368482157506 ], [ 22.110590989252909, 40.717068981840171 ], [ 22.091488988771136, 40.72842498204276 ], [ 22.091648488966928, 40.744362981645352 ], [ 22.098408489211781, 40.749258981728673 ], [ 22.083836988325292, 40.768184981583161 ], [ 22.092587988445484, 40.768037981827142 ], [ 22.11279698913691, 40.781285981377458 ], [ 22.136811488269789, 40.77954348218114 ], [ 22.135380988190096, 40.788687481978094 ], [ 22.121285488610297, 40.785101981802917 ], [ 22.126882988277529, 40.798950981938511 ], [ 22.136257988828472, 40.804917482162494 ], [ 22.126201489228851, 40.811114481736738 ], [ 22.124989988072205, 40.819669982075794 ], [ 22.09991798900915, 40.837984481935045 ], [ 22.100822489173485, 40.845687481916215 ], [ 22.095157988015682, 40.847406481838718 ], [ 22.095419488271222, 40.851496481360897 ], [ 22.087175988920258, 40.8615834818849 ], [ 22.074787988502674, 40.870174481419028 ], [ 22.079966488109637, 40.868084481316203 ], [ 22.082383988402931, 40.872596981798367 ], [ 22.094278488057839, 40.878244981880961 ], [ 22.102343988259779, 40.891896981811151 ], [ 22.108333988198787, 40.884029982005636 ], [ 22.130441488462729, 40.868944481900236 ], [ 22.131630488387188, 40.858379981915348 ], [ 22.140398989024323, 40.850441481464557 ], [ 22.153575488643344, 40.854487481358149 ], [ 22.143938988492547, 40.858426981779175 ], [ 22.149293989054797, 40.863326981959041 ], [ 22.14911948867298, 40.868033481807892 ], [ 22.143514988377536, 40.876301981200413 ], [ 22.137179488506693, 40.876188481375969 ], [ 22.129299988348453, 40.884871981996056 ], [ 22.126299988614946, 40.89004748154634 ], [ 22.128835988308754, 40.896104481710175 ], [ 22.123701487951884, 40.895935481750179 ], [ 22.115724488944991, 40.912580981959984 ], [ 22.140069488192182, 40.923499981514396 ], [ 22.145465488115157, 40.917059981518719 ] ] ] } },
{ "type": "Feature", "properties": { "region_id": 46, "name": "Katerini", "population_weight": 0.046208535429015152, "population_reference": 82900.0, "nearby_ids": [ 47, 48, 37 ] }, "geometry": { "type": "Polygon", "coordinates": [ [ [ 22.503368489098861, 40.397033981987178 ], [ 22.524636488558926, 40.394020482236883 ], [ 22.532830989054883, 40.381950982319509 ], [ 22.529219989199753, 40.376829482355006 ], [ 22.531117989299098, 40.374332482665949 ], [ 22.543574489032697, 40.365832982569913 ], [ 22.55795498876067, 40.364348482694886 ], [ 22.576910989260643, 40.353445982471378 ], [ 22.578653989171798, 40.344318982692499 ], [ 22.588220988545913, 40.338878982140329 ], [ 22.593716488938881, 40.337894982174817 ], [ 22.614587488688123, 40.345675982696513 ], [ 22.642105988535285, 40.336047982476508 ], [ 22.618127489156702, 40.304880482357852 ], [ 22.59947398899061, 40.270949482537937 ], [ 22.585947489654, 40.226798982392722 ], [ 22.590671489117064, 40.209533982460911 ], [ 22.58484298898, 40.204561482440752 ], [ 22.574951489262208, 40.217073482246683 ], [ 22.554705489337305, 40.219778982762563 ], [ 22.532217488857139, 40.234997982368498 ], [ 22.518649489105108, 40.237943482224502 ], [ 22.509737989312828, 40.244646482255305 ], [ 22.494745489561364, 40.243651982993896 ], [ 22.492456988869911, 40.246026482755738 ], [ 22.486523489292388, 40.24205148247075 ], [ 22.476756488979547, 40.249326982315331 ], [ 22.43957248948379, 40.258186482584343 ], [ 22.437747989002638, 40.245914982361974 ], [ 22.427864489163685, 40.242561483011713 ], [ 22.419212489313558, 40.235297482326011 ], [ 22.404329989670352, 40.237676983110859 ], [ 22.401111489068544, 40.229775982723027 ], [ 22.387643988800747, 40.233873482912976 ], [ 22.356643989120158, 40.228920983165075 ], [ 22.367168489281699, 40.21766448315406 ], [ 22.365786489920179, 40.211856482475717 ], [ 22.359691488871277, 40.208645982999847 ], [ 22.355872489238294, 40.193789482458889 ], [ 22.36577598913205, 40.181318982757702 ], [ 22.353411990021705, 40.156357482821967 ], [ 22.341472489081223, 40.168385482583389 ], [ 22.325767488873336, 40.173739983043014 ], [ 22.320073489545344, 40.182327983029019 ], [ 22.299294488930087, 40.173566982460926 ], [ 22.288299489701618, 40.174460482492336 ], [ 22.267882989356654, 40.159087983299898 ], [ 22.26296948972297, 40.139453482663271 ], [ 22.246005989363887, 40.122526482912711 ], [ 22.242649989118981, 40.112670482666665 ], [ 22.214582490162254, 40.101719483242093 ], [ 22.216920489089759, 40.110951482647124 ], [ 22.206065989910066, 40.128440482935886 ], [ 22.2097554898161, 40.148735983296433 ], [ 22.204510489206672, 40.150757483239907 ], [ 22.193942489628903, 40.147281982880266 ], [ 22.190533489564174, 40.151066483094745 ], [ 22.192549989419327, 40.161260983384622 ], [ 22.201572489724366, 40.170379982684615 ], [ 22.222086989671556, 40.176470482843136 ], [ 22.209858489125221, 40.190907982660491 ], [ 22.182809989609101, 40.197008482751883 ], [ 22.147308489092758, 40.189613483087001 ], [ 22.115703489345673, 40.190248982767606 ], [ 22.103653989454791, 40.198288482998969 ], [ 22.105627989854245, 40.205142483407229 ], [ 22.115680989199831, 40.211625483242024 ], [ 22.13350448946731, 40.21709248332224 ], [ 22.143396989263405, 40.22472398251444 ], [ 22.168458989209473, 40.234808982422045 ], [ 22.173035489849227, 40.250978982999023 ], [ 22.181637489349797, 40.265860982346815 ], [ 22.181516489887532, 40.274540982669869 ], [ 22.195563989930843, 40.285991982301013 ], [ 22.195318989596981, 40.293017482957588 ], [ 22.183820989880019, 40.302276982757121 ], [ 22.205122989658513, 40.30445548294626 ], [ 22.212425489295516, 40.323767483061751 ], [ 22.229956488701376, 40.343260982279759 ], [ 22.250296989649645, 40.339902982928059 ], [ 22.270673989617634, 40.348247482302178 ], [ 22.276707489024062, 40.356716482509405 ], [ 22.284685488787492, 40.357742982684996 ], [ 22.2875939888307, 40.344724482178094 ], [ 22.294464489203051, 40.335201982571085 ], [ 22.296196489655621, 40.353305982221471 ], [ 22.289568489399954, 40.362391982125217 ], [ 22.312245489689833, 40.376729982695728 ], [ 22.314397489228089, 40.382878482114961 ], [ 22.364204988572734, 40.378806482073323 ], [ 22.370503489071115, 40.376007982589208 ], [ 22.38524248950246, 40.390942982515497 ], [ 22.407460989627694, 40.376552982326103 ], [ 22.426137989322168, 40.37088448252306 ], [ 22.442399489338328, 40.36100198232679 ], [ 22.446499988705575, 40.369404482081343 ], [ 22.445820989512413, 40.381703981978092 ], [ 22.436616989321561, 40.392189482624758 ], [ 22.43669948958372, 40.398997482433131 ], [ 22.473372988894674, 40.40018048248249 ], [ 22.489383988608115, 40.392939982220753 ], [ 22.491319489044447, 40.40343698236908 ], [ 22.503368489098861, 40.397033981987178 ] ] ] } },
{ "type": "Feature", "properties": { "region_id": 47, "name": "Dion - Olympos", "population_weight": 0.013353505274230439, "population_reference": 24000.0, "nearby_ids": [ 46, 48, 37 ] }, "geometry": { "type": "Polygon", "coordinates": [ [ [ 22.43957248948379, 40.258186482584343 ], [ 22.476756488979547, 40.249326982315331 ], [ 22.486523489292388, 40.24205148247075 ], [ 22.492456988869911, 40.246026482755738 ], [ 22.494745489561364, 40.243651982993896 ], [ 22.509737989312828, 40.244646482255305 ], [ 22.518649489105108, 40.237943482224502 ], [ 22.532217488857139, 40.234997982368498 ], [ 22.554705489337305, 40.219778982762563 ], [ 22.574951489262208, 40.217073482246683 ], [ 22.58484298898, 40.204561482440752 ], [ 22.555707989429489, 40.171447982561652 ], [ 22.547553489238396, 40.145664983047858 ], [ 22.559422488879417, 40.109655482765866 ], [ 22.568404989215047, 40.098120982993208 ], [ 22.57009449002356, 40.056434982987874 ], [ 22.587484489224266, 40.036807483112817 ], [ 22.594291489044149, 40.012370983082086 ], [ 22.638063489355883, 39.984107983116182 ], [ 22.670496560993712, 39.971186361003063 ], [ 22.671437769129017, 39.966578671542536 ], [ 22.676506599704762, 39.963978795943525 ], [ 22.678845486523514, 39.955126057105304 ], [ 22.673002733955062, 39.952532555381339 ], [ 22.669831442035406, 39.946358079483012 ], [ 22.662443989092548, 39.946709982683679 ], [ 22.654373989208672, 39.963571482638471 ], [ 22.624207989255623, 39.971982482634537 ], [ 22.617271489445766, 39.970180483514639 ], [ 22.605438989058239, 39.958436482877985 ], [ 22.595169989034972, 39.954624483196213 ], [ 22.546299989712388, 39.952764483426115 ], [ 22.52926298932319, 39.947848983379131 ], [ 22.514061989256351, 39.959141983282386 ], [ 22.506768989397397, 39.957534983429241 ], [ 22.504509490071801, 39.964753983400989 ], [ 22.497923490146814, 39.968622983383625 ], [ 22.49849048962173, 39.990028982852749 ], [ 22.491512489931814, 39.991314482793534 ], [ 22.48717699002416, 39.997205483414469 ], [ 22.495794489148047, 40.007389483408787 ], [ 22.489068489466181, 40.013144482857442 ], [ 22.482216489108218, 40.011632482841513 ], [ 22.461889989383543, 40.018183483359351 ], [ 22.453667989917793, 40.025586482939737 ], [ 22.438799489153741, 40.031154483149194 ], [ 22.430907489909448, 40.040738982973352 ], [ 22.408487989634587, 40.035680483446299 ], [ 22.400400489712972, 40.048972482822499 ], [ 22.378621489709253, 40.039290482965185 ], [ 22.374988490089152, 40.050096983322476 ], [ 22.370644489388809, 40.048867983114249 ], [ 22.363463990097344, 40.053516983534841 ], [ 22.365195489022085, 40.05943398324559 ], [ 22.36132098934285, 40.065662483489895 ], [ 22.346282489905398, 40.068477483052533 ], [ 22.349187989759269, 40.081689983407585 ], [ 22.357624489890465, 40.083799483391033 ], [ 22.357860989638599, 40.092310482837789 ], [ 22.365210489426651, 40.099265483085809 ], [ 22.36798448936435, 40.113441982897172 ], [ 22.366080989310667, 40.12358198328414 ], [ 22.371936488930093, 40.135127982662723 ], [ 22.369531489778975, 40.14063298317393 ], [ 22.361760489711557, 40.137730982586682 ], [ 22.35563248969412, 40.139847983162973 ], [ 22.348104489474661, 40.129066982840037 ], [ 22.345176489552095, 40.134531482887297 ], [ 22.344523989506278, 40.142838982837183 ], [ 22.353235489605623, 40.151076982825138 ], [ 22.357965489141428, 40.168638483177055 ], [ 22.36577598913205, 40.181318982757702 ], [ 22.355872489238294, 40.193789482458889 ], [ 22.359691488871277, 40.208645982999847 ], [ 22.365786489920179, 40.211856482475717 ], [ 22.367168489281699, 40.21766448315406 ], [ 22.356643989120158, 40.228920983165075 ], [ 22.387643988800747, 40.233873482912976 ], [ 22.401111489068544, 40.229775982723027 ], [ 22.404329989670352, 40.237676983110859 ], [ 22.419212489313558, 40.235297482326011 ], [ 22.427864489163685, 40.242561483011713 ], [ 22.437747989002638, 40.245914982361974 ], [ 22.43957248948379, 40.258186482584343 ] ] ] } },
{ "type": "Feature", "properties": { "region_id": 48, "name": "Pydna - Kolindros", "population_weight": 0.0069886410195377589, "population_reference": 12500.0, "nearby_ids": [ 38, 46, 26 ] }, "geometry": { "type": "MultiPolygon", "coordinates": [ [ [ [ 22.658900988890416, 40.468311482038317 ], [ 22.655202989093421, 40.465995981927321 ], [ 22.65256098839663, 40.472679481974694 ], [ 22.655652988363148, 40.471751981661697 ], [ 22.658900988890416, 40.468311482038317 ] ] ], [ [ [ 22.517363989178609, 40.549604981606727 ], [ 22.545393488987624, 40.540627982144116 ], [ 22.564115488203413, 40.540162482349338 ], [ 22.570983988588445, 40.545629481613886 ], [ 22.590965988627818, 40.541930982194437 ], [ 22.601037988523757, 40.535396981722762 ], [ 22.608455488258251, 40.519604982065722 ], [ 22.62899998830262, 40.494880481696164 ], [ 22.659485988860503, 40.492451481674344 ], [ 22.675253989048663, 40.487147981848643 ], [ 22.654961988243883, 40.484492481605031 ], [ 22.656621488770359, 40.480761482312268 ], [ 22.650755988367539, 40.48044098170471 ], [ 22.650297488841847, 40.477941982436391 ], [ 22.663335989286384, 40.46993048229924 ], [ 22.645938989334063, 40.476258982098862 ], [ 22.653382488926308, 40.468152482051487 ], [ 22.647898488833757, 40.471620482460544 ], [ 22.646970988524313, 40.469288982348871 ], [ 22.639306988593301, 40.471276981831735 ], [ 22.641654488291039, 40.473214982390793 ], [ 22.638200488290401, 40.474984481844743 ], [ 22.62990248913087, 40.470658481748451 ], [ 22.625576489042796, 40.473058482407502 ], [ 22.629614488428743, 40.471737982027598 ], [ 22.629982988964827, 40.474176482047945 ], [ 22.620835989259863, 40.478112982186431 ], [ 22.626907988904119, 40.479231482300939 ], [ 22.619288489291446, 40.482062981733407 ], [ 22.613162488277531, 40.472105981913785 ], [ 22.601078988651977, 40.47612248193164 ], [ 22.592502489273098, 40.47185348209117 ], [ 22.586101989200465, 40.462381981788596 ], [ 22.589350488867769, 40.455963982429573 ], [ 22.597275488288865, 40.454892982192739 ], [ 22.596050488743675, 40.452559481945748 ], [ 22.606623989041985, 40.441629982531346 ], [ 22.605502488287645, 40.425177482127999 ], [ 22.611035988622156, 40.419112482028574 ], [ 22.611551489343533, 40.405871482646965 ], [ 22.618484988344644, 40.399366981957407 ], [ 22.619458988655936, 40.388058481795753 ], [ 22.628682988872473, 40.380325982568266 ], [ 22.624213989068672, 40.376973981890018 ], [ 22.633351488618381, 40.379725482260945 ], [ 22.632868489394902, 40.376133482401052 ], [ 22.662571489291039, 40.364924481967265 ], [ 22.660108988438076, 40.35549298218703 ], [ 22.642105988535285, 40.336047982476508 ], [ 22.614587488688123, 40.345675982696513 ], [ 22.593716488938881, 40.337894982174817 ], [ 22.588220988545913, 40.338878982140329 ], [ 22.578653989171798, 40.344318982692499 ], [ 22.576910989260643, 40.353445982471378 ], [ 22.55795498876067, 40.364348482694886 ], [ 22.543574489032697, 40.365832982569913 ], [ 22.531117989299098, 40.374332482665949 ], [ 22.529219989199753, 40.376829482355006 ], [ 22.532830989054883, 40.381950982319509 ], [ 22.524636488558926, 40.394020482236883 ], [ 22.503368489098861, 40.397033981987178 ], [ 22.493037488930643, 40.403341482629664 ], [ 22.489383988608115, 40.392939982220753 ], [ 22.473372988894674, 40.40018048248249 ], [ 22.43669948958372, 40.398997482433131 ], [ 22.436616989321561, 40.392189482624758 ], [ 22.445820989512413, 40.381703981978092 ], [ 22.446499988705575, 40.369404482081343 ], [ 22.442399489338328, 40.36100198232679 ], [ 22.426137989322168, 40.37088448252306 ], [ 22.407460989627694, 40.376552982326103 ], [ 22.38524248950246, 40.390942982515497 ], [ 22.370503489071115, 40.376007982589208 ], [ 22.364204988572734, 40.378806482073323 ], [ 22.314397489228089, 40.382878482114961 ], [ 22.332067489213244, 40.399809482610721 ], [ 22.346394489381908, 40.404366481987608 ], [ 22.350389489285725, 40.412413481960854 ], [ 22.375303989564497, 40.419949982525146 ], [ 22.374070989269509, 40.422305982570904 ], [ 22.37975648857897, 40.424494982359711 ], [ 22.378410988614284, 40.427068482020502 ], [ 22.387211988693299, 40.433315982481844 ], [ 22.389135489244932, 40.439051482351658 ], [ 22.393325489353522, 40.440031982201127 ], [ 22.391181488765934, 40.442455482266936 ], [ 22.395123989108583, 40.442681982032639 ], [ 22.394939989504397, 40.446976982030932 ], [ 22.401634489332007, 40.45317398253006 ], [ 22.417569988969511, 40.455424982382226 ], [ 22.41796248946747, 40.461643981875724 ], [ 22.4246754886926, 40.47252798188488 ], [ 22.43187148929557, 40.47658698232528 ], [ 22.423897489372852, 40.481206981814658 ], [ 22.420530489077169, 40.488512982170924 ], [ 22.437144989220084, 40.508541982286658 ], [ 22.432087989411162, 40.525253982454991 ], [ 22.435053488526531, 40.529654982490598 ], [ 22.462102488478482, 40.529012482166856 ], [ 22.467114988554314, 40.523923482187847 ], [ 22.47644098928372, 40.52449998213303 ], [ 22.484026988311054, 40.528525482215073 ], [ 22.491144989266395, 40.528188982023622 ], [ 22.517363989178609, 40.549604981606727 ] ] ] ] } },
{ "type": "Feature", "properties": { "region_id": 49, "name": "Serres", "population_weight": 0.041253997550603126, "population_reference": 74000.0, "nearby_ids": [ 52, 53, 51 ] }, "geometry": { "type": "Polygon", "coordinates": [ [ [ 23.665926986322017, 41.315673979430962 ], [ 23.705685486578219, 41.312890479998302 ], [ 23.716869986128643, 41.302593479532483 ], [ 23.720998486683165, 41.286652980119257 ], [ 23.706052986626453, 41.278206479366787 ], [ 23.700524486888423, 41.268309979996481 ], [ 23.696937986730426, 41.2505584800655 ], [ 23.710765986769189, 41.23786497934779 ], [ 23.704654986645497, 41.225260479879012 ], [ 23.714818986753997, 41.21773748010569 ], [ 23.728705987255911, 41.217613980136754 ], [ 23.720954987099613, 41.207362479733575 ], [ 23.72166348659005, 41.192072979599196 ], [ 23.736999486951596, 41.188316979771358 ], [ 23.722925486523174, 41.178838480177539 ], [ 23.724424486578513, 41.174198479665392 ], [ 23.720397986482268, 41.171420979813668 ], [ 23.684535986653731, 41.156783480063858 ], [ 23.681083986788085, 41.143085479675051 ], [ 23.671201986911171, 41.132135980112821 ], [ 23.668509486981023, 41.109294480144236 ], [ 23.659456987195878, 41.106978980491384 ], [ 23.658453487160379, 41.101303480213573 ], [ 23.630035055017512, 41.10222454000651 ], [ 23.625895987568864, 41.09834948007768 ], [ 23.618563487624471, 41.101663979806794 ], [ 23.606277487286444, 41.087080480062788 ], [ 23.589203284939149, 41.090404977616139 ], [ 23.589441582481307, 41.085455652273858 ], [ 23.581742221032112, 41.079389765582818 ], [ 23.57774498660881, 41.069813480619374 ], [ 23.581138487513538, 41.064822479810339 ], [ 23.580584487421298, 41.057445480330117 ], [ 23.550610986685285, 41.037365980039489 ], [ 23.549909987265785, 41.021747980672082 ], [ 23.569031487024073, 40.999861980714947 ], [ 23.562734987591863, 40.97313698035822 ], [ 23.577660986978817, 40.971866480639001 ], [ 23.577288986875018, 40.956569480411439 ], [ 23.512550986952551, 40.960693480876131 ], [ 23.511164486919771, 40.964633980407243 ], [ 23.473197987452028, 40.962771480311552 ], [ 23.468218487900646, 40.968476980637817 ], [ 23.466869487746955, 40.976352980402105 ], [ 23.4540329871121, 40.991179480255077 ], [ 23.457654487744282, 40.996614480669514 ], [ 23.455443487189434, 40.998824980411349 ], [ 23.441361987466017, 41.003832980687747 ], [ 23.437382487058127, 41.008957480617454 ], [ 23.427502487870662, 41.003892480720985 ], [ 23.421081487081608, 41.004412980646109 ], [ 23.413355987083097, 41.00887348008267 ], [ 23.407778487218696, 41.020708980105901 ], [ 23.399595487011002, 41.025035480507945 ], [ 23.396971487006986, 41.031939980515794 ], [ 23.386184487410276, 41.02919498033674 ], [ 23.377761486816947, 41.03931448078535 ], [ 23.363439986862208, 41.038379480143469 ], [ 23.356588987607271, 41.041014480264359 ], [ 23.349275987431547, 41.051970980080149 ], [ 23.336271987005794, 41.058800979958676 ], [ 23.31546698719573, 41.062374480584694 ], [ 23.304281987677552, 41.072475980385335 ], [ 23.29992498756404, 41.080549480572223 ], [ 23.317421487520139, 41.096317479949136 ], [ 23.322374987670713, 41.115306980707139 ], [ 23.333633487297554, 41.119257479927946 ], [ 23.333824986825931, 41.130292980218343 ], [ 23.35603548766808, 41.121966979867715 ], [ 23.356836986901055, 41.103146979879781 ], [ 23.365896487438189, 41.091065980448995 ], [ 23.374101987697173, 41.089752980119819 ], [ 23.394479987488257, 41.093698980158088 ], [ 23.398119487623305, 41.104729980047701 ], [ 23.395785487335612, 41.1079179803234 ], [ 23.417085987772165, 41.119383980025937 ], [ 23.43564598725245, 41.11743698003432 ], [ 23.445863987148737, 41.126460480534526 ], [ 23.455399987251106, 41.128886479774209 ], [ 23.464718986842293, 41.141440480537184 ], [ 23.471707487134907, 41.142163980445183 ], [ 23.476193987179073, 41.151520479735943 ], [ 23.496196987144899, 41.153338479949724 ], [ 23.497943986602383, 41.16880848051057 ], [ 23.495033486775917, 41.194803979709683 ], [ 23.498829487146992, 41.201690980367502 ], [ 23.493019986771245, 41.208918480434384 ], [ 23.511222487311112, 41.218539980282877 ], [ 23.518092486696148, 41.227285480138285 ], [ 23.531829486808967, 41.228299979940516 ], [ 23.547818487493281, 41.236493479639918 ], [ 23.567418486979506, 41.240424979586933 ], [ 23.547671987417964, 41.250965979802636 ], [ 23.545885986333801, 41.258117479934405 ], [ 23.564062986946418, 41.259474480107087 ], [ 23.57253948707967, 41.263229980138277 ], [ 23.571028487309352, 41.277546479527047 ], [ 23.579593986412927, 41.276060479834854 ], [ 23.588827487216545, 41.27964348004474 ], [ 23.603630487332509, 41.274545479876735 ], [ 23.60746398730279, 41.265538979981137 ], [ 23.621644486901225, 41.265475479364561 ], [ 23.635450487210282, 41.279407479718721 ], [ 23.640754487164493, 41.293393479298686 ], [ 23.655941487226485, 41.309936479619779 ], [ 23.653045986624416, 41.313756979432782 ], [ 23.665926986322017, 41.315673979430962 ] ] ] } },
{ "type": "Feature", "properties": { "region_id": 50, "name": "Amfipoli", "population_weight": 0.0039951814777879173, "population_reference": 7200.0, "nearby_ids": [ 54, 52, 51 ] }, "geometry": { "type": "Polygon", "coordinates": [ [ [ 24.051871986943059, 41.040834479667396 ], [ 24.058246986797631, 41.04088047984542 ], [ 24.062144987084437, 41.0338784799008 ], [ 24.07849648661292, 41.029328479983953 ], [ 24.097437986719147, 41.013661480055418 ], [ 24.118339987151582, 41.006319980271648 ], [ 24.114135986900138, 40.998928979829785 ], [ 24.11481348689712, 40.993027480371062 ], [ 24.101416987025473, 40.975846479968865 ], [ 24.113842987349436, 40.957365980329406 ], [ 24.090860986458402, 40.935321980263751 ], [ 24.099762486492857, 40.920302980081566 ], [ 24.098333986760583, 40.915818979903882 ], [ 24.089204487581718, 40.914476480402854 ], [ 24.075166487369728, 40.923439980423936 ], [ 24.05628748648833, 40.917563980141963 ], [ 24.066578486608492, 40.896386980214373 ], [ 24.041615487315887, 40.896556980280195 ], [ 24.025400486598688, 40.890343480543144 ], [ 24.023880987553454, 40.887375479867941 ], [ 24.026832486948017, 40.882716479891201 ], [ 24.008932486811926, 40.873381480543507 ], [ 24.002355486650064, 40.866355480451773 ], [ 23.99362148736985, 40.863712480552138 ], [ 23.988874487295682, 40.851051980244286 ], [ 23.975347486613888, 40.846214980307572 ], [ 23.960710986879487, 40.832117980231352 ], [ 23.947220486915338, 40.82844098026591 ], [ 23.933919486732535, 40.819022480508671 ], [ 23.913854486908228, 40.814712480578393 ], [ 23.893913986729743, 40.815927480062001 ], [ 23.885280487469991, 40.8083389800993 ], [ 23.861255987167976, 40.798398480876095 ], [ 23.860311987418623, 40.795087980912584 ], [ 23.867784486785855, 40.792879980656096 ], [ 23.873955987583024, 40.784015480853576 ], [ 23.867746486842453, 40.778728480912378 ], [ 23.834348987587749, 40.783973480834618 ], [ 23.783559987580407, 40.770602981010583 ], [ 23.76507748707915, 40.75789248097535 ], [ 23.753990487445652, 40.773803980444953 ], [ 23.739040487314242, 40.780622480566834 ], [ 23.703123487765755, 40.780145980814396 ], [ 23.691859486974522, 40.783851480998017 ], [ 23.70025648700846, 40.79236298112766 ], [ 23.706873987728205, 40.80550898085648 ], [ 23.721528487180599, 40.807018980372291 ], [ 23.736755987751863, 40.815998480942689 ], [ 23.741145987748776, 40.812002480563358 ], [ 23.754082986830042, 40.819713480406996 ], [ 23.751367987344679, 40.809699480937311 ], [ 23.754851987886024, 40.806282980936757 ], [ 23.775812987740089, 40.81149848031842 ], [ 23.780041486918432, 40.817811480874568 ], [ 23.791730987484193, 40.822278980998561 ], [ 23.802244486858548, 40.833775480195762 ], [ 23.819188987929973, 40.830827980416714 ], [ 23.824054487313695, 40.834588980324234 ], [ 23.8323174870367, 40.82770048093154 ], [ 23.842151987468402, 40.831221480167187 ], [ 23.844286987754021, 40.836695480541202 ], [ 23.826802987862958, 40.850974980699256 ], [ 23.82897048716379, 40.869172980821908 ], [ 23.821916487257322, 40.882529980415583 ], [ 23.847794987806154, 40.888675480342663 ], [ 23.839211987133151, 40.914199480667314 ], [ 23.860015487030712, 40.906689480380145 ], [ 23.88082398713825, 40.905259980715897 ], [ 23.89797698662225, 40.913613980158942 ], [ 23.906062987391881, 40.925592979849924 ], [ 23.908960987659814, 40.935333480491117 ], [ 23.903369487134881, 40.939402979951005 ], [ 23.90967898692395, 40.941877480525484 ], [ 23.907010486631115, 40.946272479918868 ], [ 23.909487486748482, 40.947251979803241 ], [ 23.888224986990476, 40.959140480446948 ], [ 23.884359986615312, 40.964853479923661 ], [ 23.896265987476593, 40.970126479761902 ], [ 23.903317487588531, 40.978132980376387 ], [ 23.912229987346208, 40.979315980411556 ], [ 23.91562548716076, 40.982782980309921 ], [ 23.913592986633915, 40.988097980494665 ], [ 23.938494986447449, 40.988600480034123 ], [ 23.934731487313211, 40.994066980249727 ], [ 23.957130987327982, 40.999040479937491 ], [ 23.948867486458145, 41.008545479828534 ], [ 23.949301487018232, 41.013850480040929 ], [ 23.952186486918762, 41.013409480148944 ], [ 23.953486487013926, 41.016971479863372 ], [ 23.972465487360033, 41.014012479779282 ], [ 23.988897986349361, 41.024334979633444 ], [ 24.005334986639546, 41.022966480316164 ], [ 24.024453486991842, 41.031273979987674 ], [ 24.025375486942696, 41.038905480174087 ], [ 24.032525486485643, 41.031236480229552 ], [ 24.031300986749212, 41.037482480120204 ], [ 24.037026487119061, 41.049110479801584 ], [ 24.049960486311612, 41.048515980313965 ], [ 24.051871986943059, 41.040834479667396 ] ] ] } },
{ "type": "Feature", "properties": { "region_id": 51, "name": "Vissaltia", "population_weight": 0.0089385705310910078, "population_reference": 16000.0, "nearby_ids": [ 52, 25, 49 ] }, "geometry": { "type": "Polygon", "coordinates": [ [ [ 23.350753987768982, 41.018221980818254 ], [ 23.408035987688859, 41.017548480254852 ], [ 23.413355987083097, 41.00887348008267 ], [ 23.42232598726314, 41.003838980553802 ], [ 23.437382487058127, 41.008957480617454 ], [ 23.441361987466017, 41.003832980687747 ], [ 23.455443487189434, 40.998824980411349 ], [ 23.457654487744282, 40.996614480669514 ], [ 23.4540329871121, 40.991179480255077 ], [ 23.466869487746955, 40.976352980402105 ], [ 23.468800987545389, 40.967335980732706 ], [ 23.475474487764028, 40.961970980867633 ], [ 23.487750987009818, 40.96500698081622 ], [ 23.511164486919771, 40.964633980407243 ], [ 23.512550986952551, 40.960693480876131 ], [ 23.583419987008881, 40.95642098052906 ], [ 23.594301987425215, 40.963191480831398 ], [ 23.592774987405274, 40.948658480727602 ], [ 23.62596798731165, 40.946306480181285 ], [ 23.634025487407083, 40.947178480733754 ], [ 23.634929487415288, 40.962635980386459 ], [ 23.720877986820792, 40.933906980388898 ], [ 23.766841487091245, 40.933711980054078 ], [ 23.808222987596491, 40.904771480309989 ], [ 23.828569487059156, 40.870903980141691 ], [ 23.826802987862958, 40.850974980699256 ], [ 23.844372487726709, 40.834012480066548 ], [ 23.8323174870367, 40.82770048093154 ], [ 23.824054487313695, 40.834588980324234 ], [ 23.819188987929973, 40.830827980416714 ], [ 23.802244486858548, 40.833775480195762 ], [ 23.791730987484193, 40.822278980998561 ], [ 23.780041486918432, 40.817811480874568 ], [ 23.775812987740089, 40.81149848031842 ], [ 23.754851987886024, 40.806282980936757 ], [ 23.751367987344679, 40.809699480937311 ], [ 23.754082986830042, 40.819713480406996 ], [ 23.741145987748776, 40.812002480563358 ], [ 23.736755987751863, 40.815998480942689 ], [ 23.721528487180599, 40.807018980372291 ], [ 23.70766298762684, 40.806056980773299 ], [ 23.691859486974522, 40.783851480998017 ], [ 23.680932987332753, 40.778863480812454 ], [ 23.673350487051607, 40.781281480790682 ], [ 23.666079487463897, 40.773477481097089 ], [ 23.632774487489343, 40.783271981049197 ], [ 23.624343987876038, 40.788413481123058 ], [ 23.583671987985991, 40.786679980998542 ], [ 23.577641487046247, 40.79231248063315 ], [ 23.561443987909062, 40.792344980665739 ], [ 23.546115988069118, 40.808217481151985 ], [ 23.534202487545905, 40.811022480956638 ], [ 23.532287487160257, 40.81640048053135 ], [ 23.535135487944078, 40.821133480928964 ], [ 23.529755487324259, 40.831168980695992 ], [ 23.50283198735184, 40.843069980890085 ], [ 23.481635487330369, 40.842160480648779 ], [ 23.478503987844363, 40.83466198060772 ], [ 23.472872487604185, 40.831193480722312 ], [ 23.449031987732702, 40.826750980535174 ], [ 23.44009998804728, 40.82917148070829 ], [ 23.444274487974429, 40.842474480935337 ], [ 23.438671488001134, 40.849246980583935 ], [ 23.445441487609468, 40.857642481150165 ], [ 23.44480448804341, 40.861133480753935 ], [ 23.435396487588214, 40.862693480285692 ], [ 23.423326987920316, 40.856403480506231 ], [ 23.418783987346817, 40.858708980620953 ], [ 23.401369988089961, 40.857618480664534 ], [ 23.389573987091552, 40.851963480346186 ], [ 23.376461488111225, 40.852596981077788 ], [ 23.367889987386778, 40.85760698087168 ], [ 23.362566487309067, 40.866045980347579 ], [ 23.36200548781629, 40.88566198070621 ], [ 23.356396987607788, 40.912021480547118 ], [ 23.345485987394326, 40.918604980848023 ], [ 23.334008986984312, 40.920359480529413 ], [ 23.335685487104232, 40.929136980307433 ], [ 23.33066648696947, 40.935156480345562 ], [ 23.333956988033858, 40.942967480324349 ], [ 23.325008988007749, 40.938710480359774 ], [ 23.322167987461924, 40.940182480268021 ], [ 23.325110488031967, 40.94076698028033 ], [ 23.321442986985499, 40.946799480442273 ], [ 23.314965987690133, 40.946089480298738 ], [ 23.313508987137364, 40.949405480917477 ], [ 23.308135987762132, 40.946662480980585 ], [ 23.297967987136328, 40.952605480572565 ], [ 23.312391487058079, 40.981481480902467 ], [ 23.311416487632652, 40.987924480606296 ], [ 23.314743987783817, 40.993190980668629 ], [ 23.334138987550645, 41.001587980792479 ], [ 23.350753987768982, 41.018221980818254 ] ] ] } },
{ "type": "Feature", "properties": { "region_id": 52, "name": "Emmanuel Pappas", "population_weight": 0.0064573995030968645, "population_reference": 11600.0, "nearby_ids": [ 49, 54, 51 ] }, "geometry": { "type": "Polygon", "coordinates": [ [ [ 23.800001987009399, 41.143016480097941 ], [ 23.813588986926927, 41.141954479735794 ], [ 23.820521986890185, 41.135683979765084 ], [ 23.827549487216629, 41.134626479902821 ], [ 23.818353986778085, 41.133252479622954 ], [ 23.810534486633507, 41.124990979821625 ], [ 23.786725487120094, 41.114284479758602 ], [ 23.77212048684148, 41.08919098038276 ], [ 23.775889987376285, 41.081926480163162 ], [ 23.776207986880458, 41.070448980261837 ], [ 23.770833987571216, 41.060142480525435 ], [ 23.772924987369848, 41.056225979878327 ], [ 23.759199987509874, 41.044757980556675 ], [ 23.749272987004236, 41.025890480019598 ], [ 23.729822486533532, 41.028022980252771 ], [ 23.738830486953436, 41.020358980136258 ], [ 23.723379986940031, 41.00993548015947 ], [ 23.730536987246506, 41.005321980142583 ], [ 23.732668486970404, 40.999082980517969 ], [ 23.741472487539728, 40.995131980592546 ], [ 23.7229344871898, 40.993087480529127 ], [ 23.738862487717384, 40.981197480154769 ], [ 23.725669986639655, 40.970503480117671 ], [ 23.730923487569505, 40.96400398017466 ], [ 23.739552987559314, 40.961136979931538 ], [ 23.736116987593586, 40.958368480545985 ], [ 23.739727487660019, 40.952159980569647 ], [ 23.738918987705208, 40.933821480813648 ], [ 23.71698248757113, 40.934820980049928 ], [ 23.634929487415288, 40.962635980386459 ], [ 23.634025487407083, 40.947178480733754 ], [ 23.592774987405274, 40.948658480727602 ], [ 23.594301987425215, 40.963191480831398 ], [ 23.583419987008881, 40.95642098052906 ], [ 23.577288986875018, 40.956569480411439 ], [ 23.577660986978817, 40.971866480639001 ], [ 23.562734987591863, 40.97313698035822 ], [ 23.568542986941534, 41.002127480292124 ], [ 23.560831486779758, 41.006444480333379 ], [ 23.55678298745821, 41.016720980158517 ], [ 23.549909987265785, 41.021747980672082 ], [ 23.548837486925628, 41.03025848004728 ], [ 23.550610986685285, 41.037365980039489 ], [ 23.580584487421298, 41.057445480330117 ], [ 23.581138487513538, 41.064822479810339 ], [ 23.57774498660881, 41.069813480619374 ], [ 23.581742221032112, 41.079389765582818 ], [ 23.589441582481307, 41.085455652273858 ], [ 23.589203284939149, 41.090404977616139 ], [ 23.606277487286444, 41.087080480062788 ], [ 23.618563487624471, 41.101663979806794 ], [ 23.625895987568864, 41.09834948007768 ], [ 23.630035055017512, 41.10222454000651 ], [ 23.658453487160379, 41.101303480213573 ], [ 23.659456987195878, 41.106978980491384 ], [ 23.668509486981023, 41.109294480144236 ], [ 23.671201986911171, 41.132135980112821 ], [ 23.681083986788085, 41.143085479675051 ], [ 23.684535986653731, 41.156783480063858 ], [ 23.720397986482268, 41.171420979813668 ], [ 23.724424486578513, 41.174198479665392 ], [ 23.722925486523174, 41.178838480177539 ], [ 23.746770487048178, 41.19212997984625 ], [ 23.749915987278101, 41.192745980191141 ], [ 23.768100987343715, 41.177348479662015 ], [ 23.776540987093252, 41.163220980061524 ], [ 23.792614486940415, 41.155294479671355 ], [ 23.800001987009399, 41.143016480097941 ] ] ] } },
{ "type": "Feature", "properties": { "region_id": 53, "name": "Iraklia", "population_weight": 0.0087579595643262117, "population_reference": 15700.0, "nearby_ids": [ 55, 49, 52 ] }, "geometry": { "type": "Polygon", "coordinates": [ [ [ 23.295195487010879, 41.251363980200665 ], [ 23.3136874866378, 41.239123979871984 ], [ 23.32285398703365, 41.236547480333805 ], [ 23.331226486745766, 41.238359479911878 ], [ 23.333126487422209, 41.194963979999159 ], [ 23.339951987096697, 41.192463979896218 ], [ 23.340887486741604, 41.186577980005303 ], [ 23.345813987228915, 41.185305479746923 ], [ 23.347719987233365, 41.175149980177132 ], [ 23.363207486766402, 41.174431980294898 ], [ 23.380696487398996, 41.149839980203581 ], [ 23.392076486755265, 41.15789348058798 ], [ 23.406676987368595, 41.161158480439141 ], [ 23.417073987629259, 41.173152480335581 ], [ 23.42304848716271, 41.186101979946173 ], [ 23.437235987089537, 41.19283548038333 ], [ 23.449520486806634, 41.191956479955699 ], [ 23.459483987053147, 41.200788480010957 ], [ 23.51491248674327, 41.224368979854205 ], [ 23.511222487311112, 41.218539980282877 ], [ 23.493019986771245, 41.208918480434384 ], [ 23.498829487146992, 41.201690980367502 ], [ 23.495033486775917, 41.194803979709683 ], [ 23.497943986602383, 41.16880848051057 ], [ 23.496196987144899, 41.153338479949724 ], [ 23.476193987179073, 41.151520479735943 ], [ 23.471707487134907, 41.142163980445183 ], [ 23.464718986842293, 41.141440480537184 ], [ 23.458969987508748, 41.131286980431824 ], [ 23.445863987148737, 41.126460480534526 ], [ 23.43564598725245, 41.11743698003432 ], [ 23.419127487560555, 41.120283980633722 ], [ 23.395785487335612, 41.1079179803234 ], [ 23.398119487623305, 41.104729980047701 ], [ 23.394479987488257, 41.093698980158088 ], [ 23.374101987697173, 41.089752980119819 ], [ 23.365896487438189, 41.091065980448995 ], [ 23.356836986901055, 41.103146979879781 ], [ 23.357269487488818, 41.120639980285162 ], [ 23.352394987665733, 41.12497748061363 ], [ 23.33367148677377, 41.130198479867047 ], [ 23.333633487297554, 41.119257479927946 ], [ 23.322374987670713, 41.115306980707139 ], [ 23.317421487520139, 41.096317479949136 ], [ 23.29992498756404, 41.080549480572223 ], [ 23.304281987677552, 41.072475980385335 ], [ 23.31546698719573, 41.062374480584694 ], [ 23.336271987005794, 41.058800979958676 ], [ 23.349275987431547, 41.051970980080149 ], [ 23.356588987607271, 41.041014480264359 ], [ 23.363439986862208, 41.038379480143469 ], [ 23.377761486816947, 41.03931448078535 ], [ 23.386184487410276, 41.02919498033674 ], [ 23.396971487006986, 41.031939980515794 ], [ 23.399595487011002, 41.025035480507945 ], [ 23.40633448744239, 41.022320480635315 ], [ 23.408035987688859, 41.017548480254852 ], [ 23.391885987197007, 41.015446980585011 ], [ 23.350753987768982, 41.018221980818254 ], [ 23.334138987550645, 41.001587980792479 ], [ 23.314743987783817, 40.993190980668629 ], [ 23.311416487632652, 40.987924480606296 ], [ 23.312391487058079, 40.981481480902467 ], [ 23.297967987136328, 40.952605480572565 ], [ 23.275700487815538, 40.94445448037164 ], [ 23.277653487416831, 40.949420480248072 ], [ 23.260899487066677, 40.970368980305594 ], [ 23.256999487959188, 40.996342480292711 ], [ 23.24037398789384, 41.00603498031154 ], [ 23.249198987754799, 41.009956980221688 ], [ 23.252410487801392, 41.020469980567157 ], [ 23.239399987549771, 41.023943480881584 ], [ 23.232113487876866, 41.029355980571971 ], [ 23.227013987529414, 41.036106980205886 ], [ 23.230625487111197, 41.040524980233307 ], [ 23.229454987227392, 41.046867480821639 ], [ 23.222218487441349, 41.049872980627555 ], [ 23.203318987530348, 41.043084980277776 ], [ 23.18588798758741, 41.045329480301916 ], [ 23.184293487777012, 41.048520480973238 ], [ 23.193816487628322, 41.058606980179647 ], [ 23.191497487838202, 41.066114980647313 ], [ 23.194188487545397, 41.07508348013608 ], [ 23.204391487250781, 41.081286980637977 ], [ 23.202912487480642, 41.089112980288334 ], [ 23.205266486820157, 41.094290480082179 ], [ 23.215239986790078, 41.101642480220995 ], [ 23.20535698748359, 41.101488980293318 ], [ 23.198614987668211, 41.106792980369946 ], [ 23.185175487876371, 41.108592980554086 ], [ 23.184114987906131, 41.117836980156859 ], [ 23.179425487799584, 41.120213480460201 ], [ 23.140921487047986, 41.118970480565437 ], [ 23.138239987367403, 41.127777480111156 ], [ 23.126550987175104, 41.143932480138155 ], [ 23.133987487420935, 41.159264480097384 ], [ 23.146200987844377, 41.167538480768243 ], [ 23.143233487150862, 41.184694480697317 ], [ 23.145297487793634, 41.229360480432518 ], [ 23.232162487676366, 41.219171980074655 ], [ 23.230598486965178, 41.213369980426265 ], [ 23.23354948719534, 41.209442979748147 ], [ 23.247178487429576, 41.220078479970063 ], [ 23.286200987216887, 41.231042480494196 ], [ 23.292504987542888, 41.239941480369993 ], [ 23.289459486764443, 41.250852979672651 ], [ 23.295195487010879, 41.251363980200665 ] ] ] } },
{ "type": "Feature", "properties": { "region_id": 54, "name": "Nea Zichni", "population_weight": 0.004608366858779505, "population_reference": 8300.0, "nearby_ids": [ 50, 52, 51 ] }, "geometry": { "type": "Polygon", "coordinates": [ [ [ 23.838833986521202, 41.128955979869559 ], [ 23.860040487232396, 41.130035479667022 ], [ 23.874504986471859, 41.11676747959055 ], [ 23.889880486513754, 41.112221979718939 ], [ 23.893193986662141, 41.107701979875614 ], [ 23.90555198642836, 41.108606479620107 ], [ 23.912605986554894, 41.105621979989664 ], [ 23.922939986345305, 41.096655980030825 ], [ 23.923579986627768, 41.087552480337614 ], [ 23.940552986689092, 41.084149979964316 ], [ 23.958922986398413, 41.088596479754678 ], [ 23.97128848715041, 41.106873479869847 ], [ 23.980349486509031, 41.112560479605825 ], [ 23.99197198727553, 41.112855979428858 ], [ 23.995128987167266, 41.108665479551362 ], [ 23.993570487166153, 41.106248480152658 ], [ 24.000576487208182, 41.099175479680397 ], [ 24.006194987194046, 41.096559979645285 ], [ 24.009506986399039, 41.098654979541472 ], [ 24.014903986525056, 41.091978479527988 ], [ 24.022011487115524, 41.092048980082573 ], [ 24.027209486215817, 41.085597479896101 ], [ 24.033058986226738, 41.089105479706269 ], [ 24.035597486813082, 41.076349979917694 ], [ 24.038321487171888, 41.075024480165403 ], [ 24.033409987155284, 41.067939479766608 ], [ 24.037026487119061, 41.049110479801584 ], [ 24.031300986749212, 41.037482480120204 ], [ 24.032525486485643, 41.031236480229552 ], [ 24.025375486942696, 41.038905480174087 ], [ 24.024453486991842, 41.031273979987674 ], [ 24.005334986639546, 41.022966480316164 ], [ 23.988897986349361, 41.024334979633444 ], [ 23.972465487360033, 41.014012479779282 ], [ 23.953486487013926, 41.016971479863372 ], [ 23.952186486918762, 41.013409480148944 ], [ 23.949301487018232, 41.013850480040929 ], [ 23.948867486458145, 41.008545479828534 ], [ 23.957130987327982, 40.999040479937491 ], [ 23.934731487313211, 40.994066980249727 ], [ 23.938494986447449, 40.988600480034123 ], [ 23.913592986633915, 40.988097980494665 ], [ 23.91562548716076, 40.982782980309921 ], [ 23.912229987346208, 40.979315980411556 ], [ 23.903317487588531, 40.978132980376387 ], [ 23.896265987476593, 40.970126479761902 ], [ 23.884359986615312, 40.964853479923661 ], [ 23.888224986990476, 40.959140480446948 ], [ 23.909487486748482, 40.947251979803241 ], [ 23.907010486631115, 40.946272479918868 ], [ 23.90967898692395, 40.941877480525484 ], [ 23.903369487134881, 40.939402979951005 ], [ 23.908960987659814, 40.935333480491117 ], [ 23.906062987391881, 40.925592979849924 ], [ 23.89797698662225, 40.913613980158942 ], [ 23.88082398713825, 40.905259980715897 ], [ 23.860015487030712, 40.906689480380145 ], [ 23.839211987133151, 40.914199480667314 ], [ 23.847794987806154, 40.888675480342663 ], [ 23.821916487257322, 40.882529980415583 ], [ 23.807386487229532, 40.905614480715116 ], [ 23.770049987735984, 40.932174480293142 ], [ 23.761593487540612, 40.934722980731927 ], [ 23.738918987705208, 40.933821480813648 ], [ 23.739727487660019, 40.952159980569647 ], [ 23.736116987593586, 40.958368480545985 ], [ 23.739552987559314, 40.961136979931538 ], [ 23.730923487569505, 40.96400398017466 ], [ 23.725669986639655, 40.970503480117671 ], [ 23.738862487717384, 40.981197480154769 ], [ 23.7229344871898, 40.993087480529127 ], [ 23.741472487539728, 40.995131980592546 ], [ 23.732668486970404, 40.999082980517969 ], [ 23.730536987246506, 41.005321980142583 ], [ 23.723379986940031, 41.00993548015947 ], [ 23.738830486953436, 41.020358980136258 ], [ 23.729822486533532, 41.028022980252771 ], [ 23.749272987004236, 41.025890480019598 ], [ 23.759199987509874, 41.044757980556675 ], [ 23.772924987369848, 41.056225979878327 ], [ 23.770833987571216, 41.060142480525435 ], [ 23.776207986880458, 41.070448980261837 ], [ 23.775889987376285, 41.081926480163162 ], [ 23.77212048684148, 41.08919098038276 ], [ 23.786725487120094, 41.114284479758602 ], [ 23.810534486633507, 41.124990979821625 ], [ 23.818353986778085, 41.133252479622954 ], [ 23.827549487216629, 41.134626479902821 ], [ 23.838833986521202, 41.128955979869559 ] ] ] } },
{ "type": "Feature", "properties": { "region_id": 55, "name": "Sintiki", "population_weight": 0.010336633199751828, "population_reference": 18500.0, "nearby_ids": [ 53, 49, 40 ] }, "geometry": { "type": "Polygon", "coordinates": [ [ [ 23.435575486478896, 41.405603479431612 ], [ 23.484278987066791, 41.398724979584856 ], [ 23.525094486752145, 41.405202979944846 ], [ 23.534243487004428, 41.402147979469895 ], [ 23.537313486712197, 41.393984979709643 ], [ 23.550242986533327, 41.386560979276325 ], [ 23.577874486483406, 41.390623979447099 ], [ 23.593825487065821, 41.382753979326367 ], [ 23.597646986326396, 41.377506479828831 ], [ 23.606275986298304, 41.379868979688069 ], [ 23.614838486512323, 41.375580980009076 ], [ 23.62157798691581, 41.376926979865402 ], [ 23.624222987000707, 41.37572747991905 ], [ 23.626624986380797, 41.363872979716739 ], [ 23.623564986396019, 41.352058979890472 ], [ 23.629474986664242, 41.347729479255101 ], [ 23.632655486844687, 41.338185479897703 ], [ 23.630833486742059, 41.323568979854535 ], [ 23.655941487226485, 41.309936479619779 ], [ 23.640754487164493, 41.293393479298686 ], [ 23.635450487210282, 41.279407479718721 ], [ 23.621644486901225, 41.265475479364561 ], [ 23.60746398730279, 41.265538979981137 ], [ 23.605413987145049, 41.273009479350698 ], [ 23.592530987082789, 41.279540480089324 ], [ 23.579593986412927, 41.276060479834854 ], [ 23.571028487309352, 41.277546479527047 ], [ 23.57253948707967, 41.263229980138277 ], [ 23.564062986946418, 41.259474480107087 ], [ 23.545885986333801, 41.258117479934405 ], [ 23.547671987417964, 41.250965979802636 ], [ 23.567418486979506, 41.240424979586933 ], [ 23.547818487493281, 41.236493479639918 ], [ 23.531829486808967, 41.228299979940516 ], [ 23.518092486696148, 41.227285480138285 ], [ 23.459483987053147, 41.200788480010957 ], [ 23.449520486806634, 41.191956479955699 ], [ 23.435730986541714, 41.192351480207869 ], [ 23.42304848716271, 41.186101979946173 ], [ 23.417073987629259, 41.173152480335581 ], [ 23.406676987368595, 41.161158480439141 ], [ 23.392076486755265, 41.15789348058798 ], [ 23.380696487398996, 41.149839980203581 ], [ 23.363207486766402, 41.174431980294898 ], [ 23.347719987233365, 41.175149980177132 ], [ 23.345813987228915, 41.185305479746923 ], [ 23.340887486741604, 41.186577980005303 ], [ 23.339951987096697, 41.192463979896218 ], [ 23.333126487422209, 41.194963979999159 ], [ 23.331226486745766, 41.238359479911878 ], [ 23.32285398703365, 41.236547480333805 ], [ 23.3136874866378, 41.239123979871984 ], [ 23.295195487010879, 41.251363980200665 ], [ 23.289459486764443, 41.250852979672651 ], [ 23.292504987542888, 41.239941480369993 ], [ 23.286200987216887, 41.231042480494196 ], [ 23.247178487429576, 41.220078479970063 ], [ 23.23354948719534, 41.209442979748147 ], [ 23.230598486965178, 41.213369980426265 ], [ 23.232162487676366, 41.219171980074655 ], [ 23.145297487793634, 41.229360480432518 ], [ 23.143233487150862, 41.184694480697317 ], [ 23.146200987844377, 41.167538480768243 ], [ 23.133987487420935, 41.159264480097384 ], [ 23.126550987175104, 41.143932480138155 ], [ 23.138239987367403, 41.127777480111156 ], [ 23.138244987871897, 41.123735980316226 ], [ 23.129249487748645, 41.125490480024993 ], [ 23.114832487656653, 41.13767348003293 ], [ 23.092181987193459, 41.140979980812482 ], [ 23.093200986895713, 41.14675698055926 ], [ 23.077991486947816, 41.15112148065068 ], [ 23.05411048720859, 41.151271979998619 ], [ 23.039656486818586, 41.163102980541751 ], [ 23.042812487561939, 41.170985980039681 ], [ 23.039098487778649, 41.176207980733807 ], [ 23.008206987183634, 41.189936480459245 ], [ 23.00387548748213, 41.188752480269699 ], [ 22.995143487252125, 41.196794479948593 ], [ 22.99415098730767, 41.201671480609072 ], [ 22.998940987464099, 41.21170598031437 ], [ 22.994105487102878, 41.224874480496467 ], [ 22.990309987320927, 41.225175980099586 ], [ 22.976547986794539, 41.21193448026677 ], [ 22.955692487876899, 41.202715980722722 ], [ 22.943206987199961, 41.200853980620664 ], [ 22.926227487894561, 41.191758980828318 ], [ 22.909130987986121, 41.197953980208005 ], [ 22.894224987654468, 41.195408980240828 ], [ 22.886601987977194, 41.198142980293873 ], [ 22.876975987960897, 41.20578648019459 ], [ 22.876960987739331, 41.211950980197436 ], [ 22.871926487664375, 41.219847980576539 ], [ 22.87476748748605, 41.223946980221911 ], [ 22.869103487198409, 41.234731480747541 ], [ 22.869562987222416, 41.241322980625945 ], [ 22.877572987105967, 41.245940980584592 ], [ 22.878707987691719, 41.251244480196448 ], [ 22.890163986974965, 41.255142480181675 ], [ 22.891617987718266, 41.258554980755868 ], [ 22.88126698709344, 41.270820980177241 ], [ 22.884449987799421, 41.288629980078568 ], [ 22.882699487260247, 41.313457479902006 ], [ 22.876488987216792, 41.332450480051477 ], [ 22.879178487124872, 41.340652980580032 ], [ 22.896824487777803, 41.337944979966402 ], [ 22.910652987775553, 41.341176480270569 ], [ 22.927591487159937, 41.338539480572777 ], [ 22.931873487451686, 41.340711980391525 ], [ 22.960431486643923, 41.333747980505045 ], [ 22.975663986685475, 41.332528480112423 ], [ 22.983545487268945, 41.335629980421295 ], [ 23.004719487576519, 41.329587480042214 ], [ 23.02186748715587, 41.330549480275387 ], [ 23.027866486582681, 41.333977979874064 ], [ 23.057751987345036, 41.324254479700159 ], [ 23.105701987506826, 41.316489479768109 ], [ 23.118123487222668, 41.320514479644828 ], [ 23.161824986615787, 41.322427979660517 ], [ 23.181371486832113, 41.318869480084736 ], [ 23.189055487543193, 41.322654979691499 ], [ 23.199550486506379, 41.322400480392226 ], [ 23.220351486535524, 41.332836479638615 ], [ 23.231365986608701, 41.350047979651464 ], [ 23.225996987274961, 41.366603979654577 ], [ 23.231911986870564, 41.371226479933775 ], [ 23.232228487088239, 41.376052480228509 ], [ 23.257466986303605, 41.382445479970947 ], [ 23.282168986365441, 41.399898979637591 ], [ 23.322212487355259, 41.399669979651755 ], [ 23.340534986822309, 41.363550979513306 ], [ 23.353095486721529, 41.368274480067555 ], [ 23.361706487332146, 41.378644980132258 ], [ 23.379574986983808, 41.38256197946076 ], [ 23.38431698665827, 41.389009479616412 ], [ 23.391160486715183, 41.392954979592659 ], [ 23.39574298663582, 41.391900479267591 ], [ 23.402110486651722, 41.400911479448965 ], [ 23.420258486254234, 41.398456479440988 ], [ 23.435575486478896, 41.405603479431612 ] ] ] } },
{ "type": "Feature", "properties": { "region_id": 56, "name": "Polygyros", "population_weight": 0.011902485686302164, "population_reference": 21400.0, "nearby_ids": [ 59, 57, 28 ] }, "geometry": { "type": "Polygon", "coordinates": [ [ [ 23.419777488157802, 40.587003981042351 ], [ 23.475381988332668, 40.582096481606435 ], [ 23.486694487985275, 40.584766481685804 ], [ 23.490643988063212, 40.577068981538368 ], [ 23.500029987998513, 40.569811481685271 ], [ 23.525073487486832, 40.560993480873073 ], [ 23.534222488029911, 40.553044481294862 ], [ 23.523154987996087, 40.539725481439142 ], [ 23.511308987667363, 40.531556981293981 ], [ 23.522823488210815, 40.522433481530733 ], [ 23.528004987584893, 40.503743980991253 ], [ 23.536415987702991, 40.495702481381954 ], [ 23.529418487669666, 40.476308481166399 ], [ 23.529680987767769, 40.463152981394678 ], [ 23.536982987718197, 40.466929481202797 ], [ 23.545819488359356, 40.464304981231621 ], [ 23.559519987740163, 40.465428981214814 ], [ 23.56938248814874, 40.454375981349763 ], [ 23.595100988562965, 40.452489981236369 ], [ 23.599377988019516, 40.443354481159915 ], [ 23.60534998805355, 40.440313481434224 ], [ 23.606783487641934, 40.430785981024485 ], [ 23.61571798812292, 40.422215481721373 ], [ 23.620373988073808, 40.411157981548669 ], [ 23.60877448797299, 40.406612981398666 ], [ 23.615976988071534, 40.406438481815243 ], [ 23.617341487991204, 40.402866481298531 ], [ 23.612958988124682, 40.392190981253485 ], [ 23.609140488145403, 40.390472981178874 ], [ 23.612750988076481, 40.38438348164896 ], [ 23.615534488762787, 40.386518981793031 ], [ 23.617753487875483, 40.384494981395605 ], [ 23.620195988117104, 40.388481981152864 ], [ 23.633760987669632, 40.378458981231859 ], [ 23.650856488100061, 40.379047481456297 ], [ 23.671088988687917, 40.375206481407723 ], [ 23.677512487904995, 40.368144981834519 ], [ 23.692724488443456, 40.372211481304454 ], [ 23.693568488615448, 40.346281481299492 ], [ 23.680745988361217, 40.347602981418476 ], [ 23.6634929881136, 40.354545981435642 ], [ 23.634560988746813, 40.358140981159316 ], [ 23.628735488738958, 40.351022482010826 ], [ 23.632437987905181, 40.351032481465914 ], [ 23.636140488737933, 40.343474481885764 ], [ 23.622813988198615, 40.33842048167584 ], [ 23.621439487785167, 40.328737981255898 ], [ 23.614499488201886, 40.328947981938818 ], [ 23.615772488086403, 40.316859481671386 ], [ 23.608956487834103, 40.305957982090362 ], [ 23.597095487817644, 40.29572148207356 ], [ 23.601645488647701, 40.293411981770859 ], [ 23.60987548776675, 40.297224481433012 ], [ 23.625352988498207, 40.296478981774669 ], [ 23.640511487997781, 40.283442481604339 ], [ 23.63201648782012, 40.267503482016792 ], [ 23.621570488684522, 40.264211981795064 ], [ 23.617343488024694, 40.259033982022331 ], [ 23.61561148812244, 40.245307481780195 ], [ 23.605628988682355, 40.238373981499073 ], [ 23.608613988581844, 40.232593481838208 ], [ 23.606673988741328, 40.227313981477344 ], [ 23.584314488921027, 40.225131982326346 ], [ 23.557388488667929, 40.235248481519655 ], [ 23.544484988491519, 40.234748982048743 ], [ 23.5456274881947, 40.241924481638591 ], [ 23.541407989003819, 40.235108481593166 ], [ 23.52899548894656, 40.237449481482912 ], [ 23.495626488330657, 40.25901398200336 ], [ 23.460412988762624, 40.262228482091004 ], [ 23.422869488859813, 40.277450981672096 ], [ 23.400920488049028, 40.279529982049119 ], [ 23.387053988171868, 40.273414481651635 ], [ 23.366227488668894, 40.254966982332093 ], [ 23.361339988107606, 40.271087982008815 ], [ 23.354028488245085, 40.271753982391047 ], [ 23.338251988193605, 40.263597482088471 ], [ 23.336101989153573, 40.265607481542403 ], [ 23.337783488366547, 40.272205981576633 ], [ 23.33097298878112, 40.283869481523979 ], [ 23.323186988400394, 40.285724982189642 ], [ 23.325406488237054, 40.289019482122093 ], [ 23.331689988701889, 40.289156982153557 ], [ 23.327615488660054, 40.30989748158327 ], [ 23.319494488306514, 40.307800981683862 ], [ 23.313761988785778, 40.314140481635349 ], [ 23.320575988865436, 40.321758481612008 ], [ 23.329232488558532, 40.317932482267977 ], [ 23.333439488181504, 40.329916482166333 ], [ 23.331941488630704, 40.340967482188354 ], [ 23.353606488575672, 40.333603481562029 ], [ 23.353535987950249, 40.341651982143382 ], [ 23.360788988444003, 40.351374981446313 ], [ 23.341978487948321, 40.362521981359976 ], [ 23.340038488629876, 40.366737981671449 ], [ 23.331575488903638, 40.367400481694524 ], [ 23.320481988384998, 40.373738482198995 ], [ 23.29632998836739, 40.37417348157225 ], [ 23.274940488922017, 40.380801481627948 ], [ 23.262913487983351, 40.381216482058527 ], [ 23.239803988814987, 40.374098981822108 ], [ 23.205755988541355, 40.370065482172485 ], [ 23.190440488687877, 40.374135481993655 ], [ 23.174403988880389, 40.385099981606885 ], [ 23.171868488244908, 40.39919448182858 ], [ 23.183609987880939, 40.414923982181051 ], [ 23.163797988312059, 40.432759981768129 ], [ 23.157146488902768, 40.450236481743346 ], [ 23.157508487849363, 40.460647981550281 ], [ 23.160549488254912, 40.464745482153525 ], [ 23.156297988041995, 40.473936981979122 ], [ 23.160813488860263, 40.480842981956613 ], [ 23.179156488514046, 40.47635148144505 ], [ 23.181536988085011, 40.481685981580377 ], [ 23.175480988935419, 40.488863481315718 ], [ 23.183503988770276, 40.493156481363549 ], [ 23.242496988537066, 40.503902481963785 ], [ 23.251014987768031, 40.503195481697318 ], [ 23.281459488432251, 40.487687481257254 ], [ 23.303325988794359, 40.486695981903679 ], [ 23.31700198815301, 40.499029481716718 ], [ 23.311067487753231, 40.508118481679723 ], [ 23.311063988729806, 40.513553981678434 ], [ 23.316327488571957, 40.518805981684693 ], [ 23.311206488701615, 40.523324481800174 ], [ 23.313603488042979, 40.531600981245276 ], [ 23.309485488676927, 40.535919981825884 ], [ 23.320241488156338, 40.539272981135952 ], [ 23.336239487723994, 40.5383569816955 ], [ 23.346658987963366, 40.544307981168537 ], [ 23.3589304884621, 40.541509481803153 ], [ 23.360341488272265, 40.528068981646314 ], [ 23.375443987895736, 40.539099481583172 ], [ 23.381053488478351, 40.534489981215657 ], [ 23.39176948778503, 40.535080981237712 ], [ 23.394373987562382, 40.538307981351842 ], [ 23.39099298808209, 40.541600481493404 ], [ 23.405427488570428, 40.554615981096418 ], [ 23.40296598851419, 40.56713948130745 ], [ 23.407604988066602, 40.57463498162452 ], [ 23.404254488347092, 40.58544098153822 ], [ 23.419777488157802, 40.587003981042351 ] ] ] } },
{ "type": "Feature", "properties": { "region_id": 57, "name": "Aristotelis", "population_weight": 0.0094558760161457291, "population_reference": 17000.0, "nearby_ids": [ 56, 25, 60 ] }, "geometry": { "type": "MultiPolygon", "coordinates": [ [ [ [ 23.95421010619291, 40.308265596812539 ], [ 23.953810362868989, 40.308192496246079 ], [ 23.954213778839147, 40.308359992784119 ], [ 23.95421010619291, 40.308265596812539 ] ] ], [ [ [ 23.950798432768618, 40.308746180838511 ], [ 23.953150827921206, 40.308282335373939 ], [ 23.951053064045738, 40.307976828708021 ], [ 23.950798432768618, 40.308746180838511 ] ] ], [ [ [ 23.961284487632362, 40.310737481007898 ], [ 23.958074487998388, 40.307277481792141 ], [ 23.953942987809981, 40.308990481187628 ], [ 23.953847988316141, 40.309917481550762 ], [ 23.961284487632362, 40.310737481007898 ] ] ], [ [ [ 23.956335202947187, 40.312194267771112 ], [ 23.956993873896295, 40.312046724884617 ], [ 23.956190751520754, 40.311663839279881 ], [ 23.956335202947187, 40.312194267771112 ] ] ], [ [ [ 23.960315500182574, 40.312195224015468 ], [ 23.959393915813191, 40.312006115321857 ], [ 23.960325280655731, 40.312507970089257 ], [ 23.960315500182574, 40.312195224015468 ] ] ], [ [ [ 23.961301988025362, 40.313064481716182 ], [ 23.966150487914121, 40.31170248107022 ], [ 23.96484748796809, 40.309261481334751 ], [ 23.961301988025362, 40.313064481716182 ] ] ], [ [ [ 23.963765500700902, 40.318510741124634 ], [ 23.964839710482313, 40.31762814949473 ], [ 23.964030206165077, 40.31732850810269 ], [ 23.963765500700902, 40.318510741124634 ] ] ], [ [ [ 23.916991987460577, 40.341747481821997 ], [ 23.919378488191917, 40.340080481608169 ], [ 23.917260988277082, 40.336745981848246 ], [ 23.920339488349477, 40.334044981489264 ], [ 23.923081988312795, 40.335544481140921 ], [ 23.925948988599576, 40.328189981672722 ], [ 23.922168988305486, 40.320522481312246 ], [ 23.926524987966726, 40.317107981813329 ], [ 23.937007988033251, 40.318053981878634 ], [ 23.94894598763754, 40.310050981870667 ], [ 23.935311987531598, 40.308692981724477 ], [ 23.930078487512844, 40.31193898124527 ], [ 23.92084298791179, 40.311969981660454 ], [ 23.91638948854051, 40.314761981566718 ], [ 23.917007488266201, 40.318996481650977 ], [ 23.911998988309168, 40.319377981259052 ], [ 23.910934488032023, 40.322269481829089 ], [ 23.907535487895714, 40.318511981317393 ], [ 23.883048988368479, 40.329570981726235 ], [ 23.890574987744781, 40.335063981747709 ], [ 23.905465988550329, 40.336765481838967 ], [ 23.916991987460577, 40.341747481821997 ] ] ], [ [ [ 23.924026488152698, 40.53190598130864 ], [ 23.930217487486996, 40.530898980837932 ], [ 23.931228488189703, 40.528785481050207 ], [ 23.924026488152698, 40.53190598130864 ] ] ], [ [ [ 23.805824488234308, 40.616267981084142 ], [ 23.808429987287425, 40.614822481166613 ], [ 23.803325487518951, 40.616832980928216 ], [ 23.805824488234308, 40.616267981084142 ] ] ], [ [ [ 23.67202948738414, 40.642389480647012 ], [ 23.6811494881679, 40.629006980905331 ], [ 23.68970098737072, 40.628541981161987 ], [ 23.711314987543425, 40.636731481244134 ], [ 23.741757487535331, 40.62647798104387 ], [ 23.753864987337987, 40.634375481332022 ], [ 23.760186988241898, 40.634433981163077 ], [ 23.780265987516746, 40.616275981277063 ], [ 23.78106698817707, 40.59829698116382 ], [ 23.78405398808081, 40.592437480799269 ], [ 23.796104988167681, 40.593802980952802 ], [ 23.798085988082079, 40.591849980621618 ], [ 23.794896987867528, 40.588676480872167 ], [ 23.803128987391077, 40.580352980857413 ], [ 23.819339988126476, 40.580662481447014 ], [ 23.822814988213231, 40.569019481420675 ], [ 23.833720987711633, 40.557071481048446 ], [ 23.850627987576168, 40.558238980676208 ], [ 23.851812487297625, 40.560626981178125 ], [ 23.861251987751359, 40.556483480714199 ], [ 23.867664487763491, 40.558456480901008 ], [ 23.880922488222399, 40.552581980969883 ], [ 23.883142487401514, 40.560050980922668 ], [ 23.897365488127228, 40.553424980574164 ], [ 23.89315598743568, 40.552241981469692 ], [ 23.89471598765077, 40.544810980740564 ], [ 23.906677488053067, 40.539596481317048 ], [ 23.907613987740877, 40.535903981172154 ], [ 23.920409987979802, 40.533702981439923 ], [ 23.91141948732999, 40.523662481178363 ], [ 23.909082487454683, 40.525707480769462 ], [ 23.895484988316344, 40.519531480711294 ], [ 23.851724487908019, 40.520080481290606 ], [ 23.828826987543994, 40.516395480726999 ], [ 23.827037988109179, 40.508445981251796 ], [ 23.82370198751277, 40.507343481289396 ], [ 23.824720487652698, 40.497253481630125 ], [ 23.820346988067797, 40.48754498127137 ], [ 23.827333487833922, 40.459563980875124 ], [ 23.838273987691032, 40.440444980933066 ], [ 23.846427988013556, 40.44094448101135 ], [ 23.852205488071853, 40.434699981253132 ], [ 23.849990988076311, 40.430316980903811 ], [ 23.860433487443331, 40.417789481588486 ], [ 23.89234148778408, 40.39396998109855 ], [ 23.903251488237377, 40.393420980934756 ], [ 23.930473487776116, 40.381267480967573 ], [ 23.935128987488898, 40.383380981396094 ], [ 23.958688487520934, 40.380199481284173 ], [ 23.960433987967079, 40.383731981543932 ], [ 23.964755988178563, 40.378139480930955 ], [ 23.971040487657032, 40.37723148123716 ], [ 23.995885988332986, 40.381900981569828 ], [ 24.010987987369024, 40.389434480835781 ], [ 24.006766487628074, 40.378200480973419 ], [ 24.00891848832751, 40.364961481331044 ], [ 24.005402988500723, 40.357515981713277 ], [ 24.015760487517067, 40.334755981375025 ], [ 24.006671487497517, 40.315774481458092 ], [ 23.998355988254904, 40.31607448181191 ], [ 23.990380988381201, 40.323001981283703 ], [ 23.979944488126829, 40.325340481710519 ], [ 23.964971487603574, 40.345374981498743 ], [ 23.939951487989408, 40.357879481202865 ], [ 23.919980488540403, 40.36480348121907 ], [ 23.905051987458595, 40.365871481749139 ], [ 23.890224487939424, 40.360381981178243 ], [ 23.861863987840358, 40.370162981691379 ], [ 23.829421987508148, 40.364722981072504 ], [ 23.809209987763563, 40.356056481451517 ], [ 23.783446988578149, 40.337085481623092 ], [ 23.767373988641729, 40.346702481862756 ], [ 23.762138487962009, 40.345412981963143 ], [ 23.736306988272851, 40.354003981468033 ], [ 23.726161488710137, 40.344295481193448 ], [ 23.729339488637464, 40.338546981145747 ], [ 23.725343488606217, 40.332328981721332 ], [ 23.719911488318985, 40.33590298187837 ], [ 23.71421598846468, 40.332611481614201 ], [ 23.711524988760686, 40.334872981451241 ], [ 23.706420987768087, 40.333152981164929 ], [ 23.693568488615448, 40.346281481299492 ], [ 23.692233488729389, 40.372600981379044 ], [ 23.688067488456994, 40.369243981593101 ], [ 23.677512487904995, 40.368144981834519 ], [ 23.671088988687917, 40.375206481407723 ], [ 23.650856488100061, 40.379047481456297 ], [ 23.633760987669632, 40.378458981231859 ], [ 23.620195988117104, 40.388481981152864 ], [ 23.617753487875483, 40.384494981395605 ], [ 23.615534488762787, 40.386518981793031 ], [ 23.612750988076481, 40.38438348164896 ], [ 23.609140488145403, 40.390472981178874 ], [ 23.612958988124682, 40.392190981253485 ], [ 23.617341487991204, 40.402866481298531 ], [ 23.615976988071534, 40.406438481815243 ], [ 23.60877448797299, 40.406612981398666 ], [ 23.620373988073808, 40.411157981548669 ], [ 23.61571798812292, 40.422215481721373 ], [ 23.606783487641934, 40.430785981024485 ], [ 23.60534998805355, 40.440313481434224 ], [ 23.599377988019516, 40.443354481159915 ], [ 23.595100988562965, 40.452489981236369 ], [ 23.56938248814874, 40.454375981349763 ], [ 23.559519987740163, 40.465428981214814 ], [ 23.545819488359356, 40.464304981231621 ], [ 23.536982987718197, 40.466929481202797 ], [ 23.529680987767769, 40.463152981394678 ], [ 23.529418487669666, 40.476308481166399 ], [ 23.536415987702991, 40.495702481381954 ], [ 23.528004987584893, 40.503743980991253 ], [ 23.522823488210815, 40.522433481530733 ], [ 23.511308987667363, 40.531556981293981 ], [ 23.523154987996087, 40.539725481439142 ], [ 23.534255487654207, 40.553583981004124 ], [ 23.508569988431518, 40.568220480979356 ], [ 23.544100987659277, 40.590015481170738 ], [ 23.545849488037561, 40.599189981218437 ], [ 23.542028987690195, 40.60543698105316 ], [ 23.615541487599696, 40.599311980874973 ], [ 23.623291988153554, 40.606031481477288 ], [ 23.642447488329921, 40.605966480970928 ], [ 23.647498487443301, 40.630347481135857 ], [ 23.655903987883729, 40.630589480793326 ], [ 23.662749487524692, 40.639479981397791 ], [ 23.67202948738414, 40.642389480647012 ] ] ] ] } },
{ "type": "Feature", "properties": { "region_id": 58, "name": "Kassandra", "population_weight": 0.0093984595668346986, "population_reference": 16900.0, "nearby_ids": [ 60, 59, 56 ] }, "geometry": { "type": "Polygon", "coordinates": [ [ [ 23.38144298848945, 40.140144481968619 ], [ 23.396926488496629, 40.139251481920816 ], [ 23.417336488459121, 40.126255481973644 ], [ 23.435516488586842, 40.103190982667762 ], [ 23.439696488549725, 40.102341982613318 ], [ 23.444276488637659, 40.086236982063213 ], [ 23.454295988310168, 40.069693482713404 ], [ 23.457447489085059, 40.069343982382023 ], [ 23.471878489306221, 40.049923981969911 ], [ 23.49344448888812, 40.033958481985692 ], [ 23.52980048903429, 40.017642982064579 ], [ 23.594375489348916, 39.996093982660817 ], [ 23.637273988760008, 39.983928482391107 ], [ 23.666282489267079, 39.98202148213003 ], [ 23.671750989250235, 39.974921982422863 ], [ 23.679612989092224, 39.972438982615643 ], [ 23.676076989359181, 39.962146482152896 ], [ 23.679641989070475, 39.958213981948219 ], [ 23.685043488574781, 39.958686982486626 ], [ 23.68696448876117, 39.941184982733354 ], [ 23.692659488960913, 39.933418482065292 ], [ 23.711532489234639, 39.928329482299937 ], [ 23.727794488325262, 39.933063481977484 ], [ 23.738837988341231, 39.930709982356412 ], [ 23.744865488408813, 39.934379482529032 ], [ 23.750192488754678, 39.915984982597806 ], [ 23.73109648921907, 39.914394482821457 ], [ 23.716369988636533, 39.907817982687376 ], [ 23.699010988405256, 39.910865982288051 ], [ 23.683896989197926, 39.917499482108965 ], [ 23.654466488638104, 39.914264482531607 ], [ 23.593126488982264, 39.921099982757113 ], [ 23.579301988366286, 39.931457482413087 ], [ 23.553754989281369, 39.935165482382764 ], [ 23.500657988989964, 39.958976482062127 ], [ 23.465194488577936, 39.969665482497938 ], [ 23.443261988714372, 39.970481982562788 ], [ 23.413974988823938, 39.95957198289463 ], [ 23.393895989181431, 39.959090982245584 ], [ 23.37843298845474, 39.962306982690599 ], [ 23.355197988648385, 39.953880482680944 ], [ 23.376769988744439, 39.98341298234471 ], [ 23.381366489280879, 39.995090482150964 ], [ 23.380233488884848, 40.006515482561142 ], [ 23.369685988723859, 40.019756482510886 ], [ 23.362180488822499, 40.024184982788 ], [ 23.358907488536815, 40.037132482727486 ], [ 23.342029489221726, 40.054137982847834 ], [ 23.338029989247598, 40.068790482456379 ], [ 23.311256488999511, 40.080238482576391 ], [ 23.30780198829461, 40.088912982070042 ], [ 23.309907989291862, 40.095619482769933 ], [ 23.304130488777755, 40.10021198201467 ], [ 23.319324488675758, 40.12274948195882 ], [ 23.32508448920127, 40.121078982609362 ], [ 23.331992988554781, 40.134244982132081 ], [ 23.362737489266308, 40.146583482603518 ], [ 23.38144298848945, 40.140144481968619 ] ] ] } },
{ "type": "Feature", "properties": { "region_id": 59, "name": "Nea Propontida", "population_weight": 0.019415678927215452, "population_reference": 34800.0, "nearby_ids": [ 56, 28, 27 ] }, "geometry": { "type": "MultiPolygon", "coordinates": [ [ [ [ 23.334413488411936, 40.196658982231568 ], [ 23.347547489200032, 40.182704982065303 ], [ 23.354547988150085, 40.156718982221186 ], [ 23.362737489266308, 40.146583482603518 ], [ 23.331992988554781, 40.134244982132081 ], [ 23.32409298921899, 40.120807982244749 ], [ 23.319324488675758, 40.12274948195882 ], [ 23.322292489228417, 40.131843482291018 ], [ 23.31655148837131, 40.142066982602572 ], [ 23.326192988633458, 40.179393981773188 ], [ 23.325464489236008, 40.191291981981848 ], [ 23.321561988508673, 40.19601798249461 ], [ 23.334413488411936, 40.196658982231568 ] ] ], [ [ [ 23.083401488517058, 40.42458698182412 ], [ 23.070431488715982, 40.422564981808414 ], [ 23.090187988143018, 40.393364982157451 ], [ 23.087075488756074, 40.385476981628848 ], [ 23.10535548889554, 40.387946981728611 ], [ 23.11234998819787, 40.37155748160643 ], [ 23.119105988346885, 40.367441981565932 ], [ 23.122626988667111, 40.377174482117731 ], [ 23.138833488148968, 40.393896982104103 ], [ 23.150557989046916, 40.401351982155155 ], [ 23.152787988764146, 40.410661481749173 ], [ 23.158314489004603, 40.416811482044963 ], [ 23.176837988874304, 40.422384482161029 ], [ 23.183609987880939, 40.414923982181051 ], [ 23.171868488244908, 40.39919448182858 ], [ 23.173716988335045, 40.386443482234355 ], [ 23.17755548796703, 40.380816981571314 ], [ 23.190440488687877, 40.374135481993655 ], [ 23.20727448817301, 40.370035981678562 ], [ 23.239803988814987, 40.374098981822108 ], [ 23.256759488269715, 40.380422481564047 ], [ 23.274940488922017, 40.380801481627948 ], [ 23.29632998836739, 40.37417348157225 ], [ 23.325992988747547, 40.372206481661387 ], [ 23.331575488903638, 40.367400481694524 ], [ 23.340038488629876, 40.366737981671449 ], [ 23.341978487948321, 40.362521981359976 ], [ 23.360788988444003, 40.351374981446313 ], [ 23.353535987950249, 40.341651982143382 ], [ 23.353606488575672, 40.333603481562029 ], [ 23.331941488630704, 40.340967482188354 ], [ 23.333439488181504, 40.329916482166333 ], [ 23.329232488558532, 40.317932482267977 ], [ 23.320575988865436, 40.321758481612008 ], [ 23.313761988785778, 40.314140481635349 ], [ 23.319494488306514, 40.307800981683862 ], [ 23.32796148794926, 40.309161481740574 ], [ 23.331689988701889, 40.289156982153557 ], [ 23.325406488237054, 40.289019482122093 ], [ 23.323186988400394, 40.285724982189642 ], [ 23.33097298878112, 40.283869481523979 ], [ 23.337783488366547, 40.272205981576633 ], [ 23.336400488520919, 40.264928481706171 ], [ 23.33938548807734, 40.263355481960893 ], [ 23.354028488245085, 40.271753982391047 ], [ 23.361339988107606, 40.271087982008815 ], [ 23.366227488668894, 40.254966982332093 ], [ 23.34859198856979, 40.239047981719118 ], [ 23.334335988713821, 40.218784482516924 ], [ 23.330635988553961, 40.204426982156299 ], [ 23.334190489073073, 40.197341982090975 ], [ 23.320888988960441, 40.197070982097109 ], [ 23.314710488313544, 40.219596981655783 ], [ 23.293296488871505, 40.236358482012101 ], [ 23.284136988203716, 40.238191982049614 ], [ 23.280513988966995, 40.236008982352764 ], [ 23.280752989089272, 40.239010482109947 ], [ 23.277350488367077, 40.239018981928197 ], [ 23.275998988200289, 40.234769981708581 ], [ 23.276389488785462, 40.239343481871721 ], [ 23.258252988361313, 40.246809981983084 ], [ 23.234025988647403, 40.249432982379233 ], [ 23.214557988672787, 40.256829981828183 ], [ 23.192640988227762, 40.257845482208289 ], [ 23.183024989105419, 40.267956981864181 ], [ 23.173271988348414, 40.271146982473773 ], [ 23.144744488355162, 40.272569481705609 ], [ 23.128049488200197, 40.287295982292761 ], [ 23.103835988449251, 40.298591482051322 ], [ 23.084148488886392, 40.301494982056845 ], [ 23.081773988627901, 40.305175982006865 ], [ 23.058215988370783, 40.309730481757974 ], [ 23.01825648860461, 40.325189982429258 ], [ 23.019160488751016, 40.33582598248173 ], [ 23.007468562952845, 40.350639262939637 ], [ 23.027923541644782, 40.358779078333868 ], [ 23.032215776805028, 40.352454358983209 ], [ 23.039574989132774, 40.352299981821709 ], [ 23.041514988155143, 40.356696982417205 ], [ 23.037932988329178, 40.371469482040204 ], [ 23.027134488225219, 40.374533982370181 ], [ 23.028592988550532, 40.394202481538741 ], [ 23.048659988714622, 40.399693981936124 ], [ 23.052343488265066, 40.415851482007426 ], [ 23.062416488960249, 40.418589981817014 ], [ 23.058262488202217, 40.431855482137571 ], [ 23.083401488517058, 40.42458698182412 ] ] ] ] } },
{ "type": "Feature", "properties": { "region_id": 60, "name": "Sithonia", "population_weight": 0.0067338903657985262, "population_reference": 12100.0, "nearby_ids": [ 58, 57, 56 ] }, "geometry": { "type": "MultiPolygon", "coordinates": [ [ [ [ 23.809041488652973, 40.022586482256798 ], [ 23.807067488334869, 40.018931982389581 ], [ 23.805404488125777, 40.021685981791201 ], [ 23.809041488652973, 40.022586482256798 ] ] ], [ [ [ 23.721798470045478, 40.061123611964533 ], [ 23.732786379165386, 40.060490102445769 ], [ 23.732591882498436, 40.055588099361984 ], [ 23.716769232716324, 40.055866612619134 ], [ 23.721798470045478, 40.061123611964533 ] ] ], [ [ [ 23.805449187133945, 40.198008711387288 ], [ 23.804439938132173, 40.197643489693732 ], [ 23.80546432115619, 40.19815176233012 ], [ 23.805449187133945, 40.198008711387288 ] ] ], [ [ [ 23.802298378857873, 40.19915949166046 ], [ 23.801420430487365, 40.19907455819925 ], [ 23.801705670885326, 40.199867642888499 ], [ 23.802298378857873, 40.19915949166046 ] ] ], [ [ [ 23.797452462056263, 40.200563485691298 ], [ 23.797600764398965, 40.200349207352204 ], [ 23.797297505708567, 40.200402310746895 ], [ 23.797452462056263, 40.200563485691298 ] ] ], [ [ [ 23.7964615845701, 40.212241228562391 ], [ 23.797134238940895, 40.210880396683017 ], [ 23.795826644004158, 40.211938836048112 ], [ 23.7964615845701, 40.212241228562391 ] ] ], [ [ [ 23.793616488041224, 40.223159981333552 ], [ 23.789881988669034, 40.220565981565123 ], [ 23.788622988068962, 40.224067981491615 ], [ 23.78890148850256, 40.224537482096103 ], [ 23.793616488041224, 40.223159981333552 ] ] ], [ [ [ 23.76338586934429, 40.226313382946906 ], [ 23.762609918688877, 40.224094919727364 ], [ 23.762063452056534, 40.224294032079307 ], [ 23.76338586934429, 40.226313382946906 ] ] ], [ [ [ 23.765488382965039, 40.226700251151975 ], [ 23.765283660880844, 40.226546085806227 ], [ 23.765264421518005, 40.2267141004763 ], [ 23.765488382965039, 40.226700251151975 ] ] ], [ [ [ 23.767619276984643, 40.226979870716598 ], [ 23.767919267576783, 40.226558550909516 ], [ 23.767400786162245, 40.226757744477275 ], [ 23.767619276984643, 40.226979870716598 ] ] ], [ [ [ 23.786117988475205, 40.224574981341796 ], [ 23.78947148815837, 40.214354981322586 ], [ 23.785560988705726, 40.211314981920331 ], [ 23.78849098774527, 40.209308481604843 ], [ 23.787126988133828, 40.206966481740849 ], [ 23.795185988614175, 40.200725481365701 ], [ 23.770660988507686, 40.206123482070467 ], [ 23.774631987785892, 40.210410981646106 ], [ 23.770664987979419, 40.213050982006052 ], [ 23.773067988493935, 40.214549981942291 ], [ 23.768988488063311, 40.223937981387145 ], [ 23.776354488559555, 40.22307198133953 ], [ 23.775143488853644, 40.226402481361383 ], [ 23.783102488868536, 40.219966982105142 ], [ 23.783218988004116, 40.223327482105432 ], [ 23.776686488409819, 40.228446982150494 ], [ 23.780006987822677, 40.229591482171699 ], [ 23.786117988475205, 40.224574981341796 ] ] ], [ [ [ 23.767739987908595, 40.228906981997326 ], [ 23.765398987956509, 40.227056981808239 ], [ 23.764584488532442, 40.229253981863693 ], [ 23.767739987908595, 40.228906981997326 ] ] ], [ [ [ 23.762807122610862, 40.23051148139966 ], [ 23.762799864680431, 40.230452349748155 ], [ 23.762735161321345, 40.23045603080206 ], [ 23.762807122610862, 40.23051148139966 ] ] ], [ [ [ 23.762502413997176, 40.230844578931411 ], [ 23.762898868361223, 40.230601297275825 ], [ 23.76256328618004, 40.230512887856143 ], [ 23.762502413997176, 40.230844578931411 ] ] ], [ [ [ 23.762992397045391, 40.23089325813487 ], [ 23.762828218019784, 40.230883386329332 ], [ 23.762992323929442, 40.230914234498158 ], [ 23.762992397045391, 40.23089325813487 ] ] ], [ [ [ 23.774222488024659, 40.229160481694393 ], [ 23.771996988368254, 40.230964982080792 ], [ 23.774472488635087, 40.232639481364203 ], [ 23.77589898787339, 40.231838482164193 ], [ 23.774222488024659, 40.229160481694393 ] ] ], [ [ [ 23.753903488829611, 40.234447981526849 ], [ 23.752096988846919, 40.23314748188011 ], [ 23.751301987951376, 40.234783982171699 ], [ 23.753903488829611, 40.234447981526849 ] ] ], [ [ [ 23.635851487838885, 40.358415981686193 ], [ 23.693568488615448, 40.346281481299492 ], [ 23.706420987768087, 40.333152981164929 ], [ 23.707401487623773, 40.326900481235811 ], [ 23.701188988288212, 40.324928481551019 ], [ 23.694947987929464, 40.30393998172913 ], [ 23.694198488100778, 40.285377481920989 ], [ 23.698341488560583, 40.275985481907583 ], [ 23.710201488084135, 40.257175481893455 ], [ 23.724740988659217, 40.252292481365167 ], [ 23.724952488476255, 40.244968481996942 ], [ 23.737750988858615, 40.230014981646889 ], [ 23.743041987876499, 40.23081948165207 ], [ 23.739747988680541, 40.235469981538778 ], [ 23.742959988475203, 40.238621481351473 ], [ 23.749290488803496, 40.236373981336143 ], [ 23.746270988221724, 40.229972981715392 ], [ 23.750013487930673, 40.224429981807219 ], [ 23.756795988289049, 40.224670481641816 ], [ 23.758182488381294, 40.231853481341112 ], [ 23.761335487876277, 40.230113982035583 ], [ 23.759614988603595, 40.211639481838169 ], [ 23.764601988586662, 40.208461481388319 ], [ 23.765830987909855, 40.203464481377289 ], [ 23.770160488545784, 40.203365481958166 ], [ 23.7763079884514, 40.191406481476719 ], [ 23.79116048855926, 40.187434981803698 ], [ 23.802449988232468, 40.189655481379276 ], [ 23.803542987941803, 40.193813481426382 ], [ 23.800561988238588, 40.195159981891955 ], [ 23.808147488548311, 40.194595481826134 ], [ 23.815689488048346, 40.190662481659039 ], [ 23.824001488295561, 40.18065248158063 ], [ 23.884567488416074, 40.167968981669517 ], [ 23.895877988233643, 40.160033982208049 ], [ 23.915475988700102, 40.157897981666352 ], [ 23.915757987791206, 40.154212982024902 ], [ 23.928067988417794, 40.14755248181276 ], [ 23.934324487836825, 40.138385482224294 ], [ 23.976943988402162, 40.126167481622502 ], [ 23.980703488491685, 40.1174394820152 ], [ 23.992875987844187, 40.113143981842036 ], [ 23.990739988885391, 40.109817481747243 ], [ 23.996526487791215, 40.109050981610942 ], [ 23.981706487954764, 40.101646481652637 ], [ 23.979552988474008, 40.083445982227744 ], [ 23.985778988029598, 40.075202981587005 ], [ 23.990783488671518, 40.074897982186229 ], [ 24.002481488708177, 40.065543481875977 ], [ 24.007915488339545, 40.058860981785621 ], [ 24.003975487903539, 40.058048481824244 ], [ 24.007642488205107, 40.052894481580601 ], [ 24.000610488390386, 40.053615482300472 ], [ 23.997182987943649, 40.049625481818751 ], [ 23.991798488854663, 40.051040481956768 ], [ 23.985934988959318, 40.046336982216872 ], [ 23.985891487853021, 40.04185848221514 ], [ 23.991233988475667, 40.035552982013861 ], [ 24.000339488282656, 40.038398981719709 ], [ 24.009492988217453, 40.034038481597293 ], [ 24.012918488880171, 40.038417981616149 ], [ 24.016465988424059, 40.037517481521114 ], [ 24.019731488981222, 40.029678481937232 ], [ 24.017322488308253, 40.024966981930064 ], [ 24.021136988381706, 40.02410148217259 ], [ 24.022430488220756, 40.017532482330431 ], [ 24.017389488683634, 40.014560481866589 ], [ 24.021072488264455, 40.008792481693696 ], [ 24.011781488645692, 40.003017482225857 ], [ 24.014217488475392, 40.001250981899716 ], [ 24.0074974887055, 39.997569982052553 ], [ 24.008134988953707, 40.000720982000743 ], [ 24.000873989058292, 40.000884982020182 ], [ 23.999690988669986, 39.995731482166306 ], [ 23.994952988161661, 39.996803482423189 ], [ 23.999246488251828, 39.988731481980416 ], [ 23.990943988967626, 39.991035482050314 ], [ 23.987312488479152, 39.9865879819722 ], [ 23.986255488072349, 39.983009481916056 ], [ 23.991790988500323, 39.979873481708452 ], [ 23.991679988524055, 39.97696348240175 ], [ 23.998956488727014, 39.975028982533857 ], [ 23.999257988118373, 39.970763981920165 ], [ 23.965434988968649, 39.963378982312136 ], [ 23.976463488024464, 39.960399482110411 ], [ 23.976798988586992, 39.957282982414249 ], [ 23.988799988723343, 39.958896481686971 ], [ 23.994073988832202, 39.956668982251799 ], [ 23.990545489016611, 39.947914481755809 ], [ 23.984908988112849, 39.949226482245756 ], [ 23.984250989160859, 39.945884481932467 ], [ 23.977378988456433, 39.945747482050642 ], [ 23.960096488659904, 39.947780481861287 ], [ 23.954864488727438, 39.946426482016918 ], [ 23.957114988424451, 39.94368748235707 ], [ 23.950000989133422, 39.94393148242608 ], [ 23.947227488236585, 39.938018982308549 ], [ 23.934962988958372, 39.939967982129133 ], [ 23.928847988951663, 39.936240982066266 ], [ 23.927320488897752, 39.937663982385956 ], [ 23.933385988433979, 39.941585482105211 ], [ 23.933625988680578, 39.945399982130404 ], [ 23.917669488843643, 39.948272482038497 ], [ 23.918947488040665, 39.953506482591138 ], [ 23.915828488700775, 39.958587481818732 ], [ 23.925935488115783, 39.959270482188991 ], [ 23.924869488032229, 39.964126482380649 ], [ 23.91755698813235, 39.97111898179849 ], [ 23.915176488398377, 39.96971198256017 ], [ 23.918636489020372, 39.962993481935442 ], [ 23.908330988998781, 39.962787482065728 ], [ 23.906476989153152, 39.959247482447275 ], [ 23.901042988582091, 39.960864982241027 ], [ 23.898158988406628, 39.97454848247186 ], [ 23.903062988438407, 39.977630482308612 ], [ 23.90298148810075, 39.983604481943686 ], [ 23.891668488295323, 39.991332982433377 ], [ 23.891328988058497, 39.994369481697781 ], [ 23.872203988261926, 39.995864982318935 ], [ 23.866822988480102, 40.000713482587386 ], [ 23.867225487997125, 40.007495982020082 ], [ 23.836957988284173, 40.024070481973503 ], [ 23.825715988063756, 40.023215981717883 ], [ 23.828206988296735, 40.016055982291661 ], [ 23.821972488902599, 40.014568482163902 ], [ 23.829795988326651, 40.008250982204963 ], [ 23.821487488978029, 40.005752482007978 ], [ 23.822866488301571, 40.011008982491838 ], [ 23.817512488160418, 40.010658482469971 ], [ 23.822261988469009, 40.015399982375577 ], [ 23.822307488824098, 40.020057482028911 ], [ 23.813110489113441, 40.024825981732867 ], [ 23.810014489085876, 40.030875981774088 ], [ 23.812028989089384, 40.033473982189584 ], [ 23.807538988353592, 40.037620482252244 ], [ 23.812522989003185, 40.037978982317036 ], [ 23.812743988058806, 40.042880982212296 ], [ 23.807197488011372, 40.043845981808794 ], [ 23.808740488609899, 40.045928982122618 ], [ 23.804740988763502, 40.050182482110756 ], [ 23.800609488492452, 40.047771482374685 ], [ 23.796973988661005, 40.054080981945823 ], [ 23.790159488984219, 40.056690482459302 ], [ 23.793716989042512, 40.058360982368356 ], [ 23.78501298901929, 40.066787482235902 ], [ 23.789621488302014, 40.069095482475923 ], [ 23.786451488772755, 40.072658482379609 ], [ 23.790626488561291, 40.076900482435938 ], [ 23.791242488100007, 40.089999981997323 ], [ 23.783506488665232, 40.095012482336841 ], [ 23.780510488102092, 40.092231982190853 ], [ 23.772514488042713, 40.096171982209107 ], [ 23.775516488498585, 40.105807982369107 ], [ 23.772914988767543, 40.108279481951698 ], [ 23.773336488024935, 40.116668481764677 ], [ 23.757636988397817, 40.131747981763944 ], [ 23.733026488305047, 40.142448482011268 ], [ 23.72617348864161, 40.164569982160934 ], [ 23.719560488740413, 40.172660982312053 ], [ 23.697738488765506, 40.191768481474647 ], [ 23.685790988113553, 40.190494481705983 ], [ 23.686013988930021, 40.193793982041427 ], [ 23.679242988794748, 40.196449482136373 ], [ 23.675418988129554, 40.208900482281948 ], [ 23.655021488560354, 40.223380981837856 ], [ 23.619878488957475, 40.228477482191195 ], [ 23.606673988741328, 40.227313981477344 ], [ 23.608613988581844, 40.232593481838208 ], [ 23.605628988682355, 40.238373981499073 ], [ 23.61561148812244, 40.245307481780195 ], [ 23.617343488024694, 40.259033982022331 ], [ 23.621570488684522, 40.264211981795064 ], [ 23.63201648782012, 40.267503482016792 ], [ 23.640511487997781, 40.283442481604339 ], [ 23.625352988498207, 40.296478981774669 ], [ 23.60987548776675, 40.297224481433012 ], [ 23.601645488647701, 40.293411981770859 ], [ 23.596503988715867, 40.297169981748603 ], [ 23.608956487834103, 40.305957982090362 ], [ 23.615772488086403, 40.316859481671386 ], [ 23.614499488201886, 40.328947981938818 ], [ 23.621439487785167, 40.328737981255898 ], [ 23.622813988198615, 40.33842048167584 ], [ 23.636140488737933, 40.343474481885764 ], [ 23.632437987905181, 40.351032481465914 ], [ 23.628735488738958, 40.351022482010826 ], [ 23.632349487767367, 40.35596698137136 ], [ 23.635851487838885, 40.358415981686193 ] ] ] ] } }
]
}
